ID,Cntxt,Choice_0,x11_0,x12_0,x13_0,x14_0,x21_0,x22_0,x23_0,x24_0,x31_0,x32_0,x33_0,x34_0,Choice_1,x11_1,x12_1,x13_1,x14_1,x21_1,x22_1,x23_1,x24_1,x31_1,x32_1,x33_1,x34_1,Choice_2,x11_2,x12_2,x13_2,x14_2,x21_2,x22_2,x23_2,x24_2,x31_2,x32_2,x33_2,x34_2,Choice_3,x11_3,x12_3,x13_3,x14_3,x21_3,x22_3,x23_3,x24_3,x31_3,x32_3,x33_3,x34_3,Choice_4,x11_4,x12_4,x13_4,x14_4,x21_4,x22_4,x23_4,x24_4,x31_4,x32_4,x33_4,x34_4,Choice_5,x11_5,x12_5,x13_5,x14_5,x21_5,x22_5,x23_5,x24_5,x31_5,x32_5,x33_5,x34_5,Choice_6,x11_6,x12_6,x13_6,x14_6,x21_6,x22_6,x23_6,x24_6,x31_6,x32_6,x33_6,x34_6,Choice_7,x11_7,x12_7,x13_7,x14_7,x21_7,x22_7,x23_7,x24_7,x31_7,x32_7,x33_7,x34_7,Choice_8,x11_8,x12_8,x13_8,x14_8,x21_8,x22_8,x23_8,x24_8,x31_8,x32_8,x33_8,x34_8
1,2,2,545,50,15,2,505,100,20,3,525,0,15,1,2,505,0,10,1,525,100,20,3,545,50,15,2,2,545,50,10,2,545,0,20,1,505,100,10,3,3,545,50,10,2,505,0,10,3,545,100,20,1,3,525,100,15,3,505,0,15,1,545,50,20,2,1,525,100,20,1,525,50,10,2,505,0,15,3,3,505,100,15,1,545,50,15,2,525,0,20,3,1,525,0,20,3,545,50,15,2,505,100,10,1,1,505,0,20,3,525,100,10,1,525,50,10,2
2,2,3,505,0,10,1,525,100,20,3,545,50,15,2,1,545,50,10,2,545,0,20,1,505,100,10,3,2,545,50,10,2,505,0,10,3,545,100,20,1,2,505,0,20,3,525,100,10,1,525,50,10,2,2,505,100,15,1,545,50,15,2,525,0,20,3,2,525,0,20,3,545,50,15,2,505,100,10,1,1,525,100,15,3,505,0,15,1,545,50,20,2,1,545,50,15,2,505,100,20,3,525,0,15,1,2,525,100,20,1,525,50,10,2,505,0,15,3
3,2,3,545,50,10,2,505,0,10,3,545,100,20,1,2,505,0,10,1,525,100,20,3,545,50,15,2,2,545,50,10,2,545,0,20,1,505,100,10,3,1,505,0,20,3,525,100,10,1,525,50,10,2,2,545,50,15,2,505,100,20,3,525,0,15,1,1,505,100,15,1,545,50,15,2,525,0,20,3,1,525,0,20,3,545,50,15,2,505,100,10,1,2,525,100,15,3,505,0,15,1,545,50,20,2,1,525,100,20,1,525,50,10,2,505,0,15,3
4,2,3,545,50,10,2,545,0,20,1,505,100,10,3,2,505,0,10,1,525,100,20,3,545,50,15,2,3,545,50,10,2,505,0,10,3,545,100,20,1,2,505,0,20,3,525,100,10,1,525,50,10,2,1,505,100,15,1,545,50,15,2,525,0,20,3,3,525,0,20,3,545,50,15,2,505,100,10,1,1,525,100,15,3,505,0,15,1,545,50,20,2,1,525,100,20,1,525,50,10,2,505,0,15,3,2,545,50,15,2,505,100,20,3,525,0,15,1
6,2,3,545,50,10,2,545,0,20,1,505,100,10,3,1,505,0,10,1,525,100,20,3,545,50,15,2,3,545,50,10,2,505,0,10,3,545,100,20,1,2,505,0,20,3,525,100,10,1,525,50,10,2,1,525,100,20,1,525,50,10,2,505,0,15,3,1,505,100,15,1,545,50,15,2,525,0,20,3,3,525,0,20,3,545,50,15,2,505,100,10,1,3,525,100,15,3,505,0,15,1,545,50,20,2,2,545,50,15,2,505,100,20,3,525,0,15,1
7,2,1,505,0,10,1,525,100,20,3,545,50,15,2,3,545,50,10,2,545,0,20,1,505,100,10,3,2,545,50,10,2,505,0,10,3,545,100,20,1,1,505,0,20,3,525,100,10,1,525,50,10,2,2,545,50,15,2,505,100,20,3,525,0,15,1,1,505,100,15,1,545,50,15,2,525,0,20,3,3,525,0,20,3,545,50,15,2,505,100,10,1,2,525,100,15,3,505,0,15,1,545,50,20,2,3,525,100,20,1,525,50,10,2,505,0,15,3
8,2,2,545,50,10,2,545,0,20,1,505,100,10,3,3,545,50,10,2,505,0,10,3,545,100,20,1,2,505,0,10,1,525,100,20,3,545,50,15,2,1,505,0,20,3,525,100,10,1,525,50,10,2,2,545,50,15,2,505,100,20,3,525,0,15,1,3,505,100,15,1,545,50,15,2,525,0,20,3,1,525,0,20,3,545,50,15,2,505,100,10,1,3,525,100,15,3,505,0,15,1,545,50,20,2,1,525,100,20,1,525,50,10,2,505,0,15,3
9,2,2,505,0,10,1,525,100,20,3,545,50,15,2,2,545,50,10,2,545,0,20,1,505,100,10,3,3,545,50,10,2,505,0,10,3,545,100,20,1,1,505,0,20,3,525,100,10,1,525,50,10,2,3,505,100,15,1,545,50,15,2,525,0,20,3,1,525,0,20,3,545,50,15,2,505,100,10,1,2,525,100,15,3,505,0,15,1,545,50,20,2,2,545,50,15,2,505,100,20,3,525,0,15,1,1,525,100,20,1,525,50,10,2,505,0,15,3
10,2,3,545,50,10,2,505,0,10,3,545,100,20,1,2,505,0,10,1,525,100,20,3,545,50,15,2,2,545,50,10,2,545,0,20,1,505,100,10,3,1,505,0,20,3,525,100,10,1,525,50,10,2,2,545,50,15,2,505,100,20,3,525,0,15,1,3,505,100,15,1,545,50,15,2,525,0,20,3,1,525,0,20,3,545,50,15,2,505,100,10,1,3,525,100,15,3,505,0,15,1,545,50,20,2,1,525,100,20,1,525,50,10,2,505,0,15,3
12,2,1,545,50,10,2,505,0,10,3,545,100,20,1,3,505,0,10,1,525,100,20,3,545,50,15,2,3,545,50,10,2,545,0,20,1,505,100,10,3,3,505,0,20,3,525,100,10,1,525,50,10,2,2,545,50,15,2,505,100,20,3,525,0,15,1,2,505,100,15,1,545,50,15,2,525,0,20,3,3,525,0,20,3,545,50,15,2,505,100,10,1,3,525,100,15,3,505,0,15,1,545,50,20,2,2,525,100,20,1,525,50,10,2,505,0,15,3
13,2,2,505,0,10,1,525,100,20,3,545,50,15,2,1,545,50,10,2,545,0,20,1,505,100,10,3,3,545,50,10,2,505,0,10,3,545,100,20,1,1,505,0,20,3,525,100,10,1,525,50,10,2,1,505,100,15,1,545,50,15,2,525,0,20,3,1,525,0,20,3,545,50,15,2,505,100,10,1,2,525,100,15,3,505,0,15,1,545,50,20,2,2,545,50,15,2,505,100,20,3,525,0,15,1,1,525,100,20,1,525,50,10,2,505,0,15,3
14,2,2,505,0,10,1,525,100,20,3,545,50,15,2,2,545,50,10,2,545,0,20,1,505,100,10,3,3,545,50,10,2,505,0,10,3,545,100,20,1,1,505,0,20,3,525,100,10,1,525,50,10,2,3,505,100,15,1,545,50,15,2,525,0,20,3,1,525,0,20,3,545,50,15,2,505,100,10,1,1,525,100,20,1,525,50,10,2,505,0,15,3,2,545,50,15,2,505,100,20,3,525,0,15,1,2,525,100,15,3,505,0,15,1,545,50,20,2
15,2,3,545,50,15,2,505,100,20,3,525,0,15,1,2,525,100,15,3,505,0,15,1,545,50,20,2,3,525,0,20,3,545,50,15,2,505,100,10,1,1,505,100,15,1,545,50,15,2,525,0,20,3,3,525,100,20,1,525,50,10,2,505,0,15,3,3,505,0,20,3,525,100,10,1,525,50,10,2,3,545,50,10,2,505,0,10,3,545,100,20,1,3,545,50,10,2,545,0,20,1,505,100,10,3,2,505,0,10,1,525,100,20,3,545,50,15,2
16,2,2,505,0,10,1,525,100,20,3,545,50,15,2,3,545,50,10,2,545,0,20,1,505,100,10,3,3,545,50,10,2,505,0,10,3,545,100,20,1,3,505,0,20,3,525,100,10,1,525,50,10,2,2,525,0,20,3,545,50,15,2,505,100,10,1,1,505,100,15,1,545,50,15,2,525,0,20,3,3,525,100,15,3,505,0,15,1,545,50,20,2,2,545,50,15,2,505,100,20,3,525,0,15,1,1,525,100,20,1,525,50,10,2,505,0,15,3
17,2,2,545,50,10,2,505,0,10,3,545,100,20,1,2,505,0,10,1,525,100,20,3,545,50,15,2,3,545,50,10,2,545,0,20,1,505,100,10,3,1,505,0,20,3,525,100,10,1,525,50,10,2,1,525,100,15,3,505,0,15,1,545,50,20,2,3,505,100,15,1,545,50,15,2,525,0,20,3,3,525,0,20,3,545,50,15,2,505,100,10,1,2,545,50,15,2,505,100,20,3,525,0,15,1,1,525,100,20,1,525,50,10,2,505,0,15,3
18,2,3,545,50,15,2,505,100,20,3,525,0,15,1,2,525,100,15,3,505,0,15,1,545,50,20,2,2,525,0,20,3,545,50,15,2,505,100,10,1,2,505,100,15,1,545,50,15,2,525,0,20,3,2,525,100,20,1,525,50,10,2,505,0,15,3,3,505,0,20,3,525,100,10,1,525,50,10,2,3,545,50,10,2,505,0,10,3,545,100,20,1,2,545,50,10,2,545,0,20,1,505,100,10,3,3,505,0,10,1,525,100,20,3,545,50,15,2
19,2,3,545,50,10,2,505,0,10,3,545,100,20,1,2,505,0,10,1,525,100,20,3,545,50,15,2,1,505,0,20,3,525,100,10,1,525,50,10,2,2,545,50,10,2,545,0,20,1,505,100,10,3,1,505,100,15,1,545,50,15,2,525,0,20,3,1,525,0,20,3,545,50,15,2,505,100,10,1,2,525,100,15,3,505,0,15,1,545,50,20,2,2,545,50,15,2,505,100,20,3,525,0,15,1,3,525,100,20,1,525,50,10,2,505,0,15,3
20,2,3,505,0,10,1,525,100,20,3,545,50,15,2,2,545,50,10,2,545,0,20,1,505,100,10,3,3,545,50,10,2,505,0,10,3,545,100,20,1,2,505,0,20,3,525,100,10,1,525,50,10,2,1,545,50,15,2,505,100,20,3,525,0,15,1,1,505,100,15,1,545,50,15,2,525,0,20,3,3,525,0,20,3,545,50,15,2,505,100,10,1,3,525,100,15,3,505,0,15,1,545,50,20,2,1,525,100,20,1,525,50,10,2,505,0,15,3
21,2,2,545,50,15,2,505,100,20,3,525,0,15,1,2,525,100,15,3,505,0,15,1,545,50,20,2,3,525,0,20,3,545,50,15,2,505,100,10,1,1,505,100,15,1,545,50,15,2,525,0,20,3,3,525,100,20,1,525,50,10,2,505,0,15,3,1,505,0,20,3,525,100,10,1,525,50,10,2,2,545,50,10,2,505,0,10,3,545,100,20,1,3,545,50,10,2,545,0,20,1,505,100,10,3,1,505,0,10,1,525,100,20,3,545,50,15,2
22,2,2,505,0,10,1,525,100,20,3,545,50,15,2,2,545,50,10,2,505,0,10,3,545,100,20,1,1,505,0,20,3,525,100,10,1,525,50,10,2,3,545,50,10,2,545,0,20,1,505,100,10,3,3,505,100,15,1,545,50,15,2,525,0,20,3,3,525,100,20,1,525,50,10,2,505,0,15,3,2,545,50,15,2,505,100,20,3,525,0,15,1,1,525,0,20,3,545,50,15,2,505,100,10,1,2,525,100,15,3,505,0,15,1,545,50,20,2
23,2,1,545,50,15,2,505,100,20,3,525,0,15,1,3,505,0,10,1,525,100,20,3,545,50,15,2,1,545,50,10,2,505,0,10,3,545,100,20,1,3,505,0,20,3,525,100,10,1,525,50,10,2,1,545,50,10,2,545,0,20,1,505,100,10,3,2,505,100,15,1,545,50,15,2,525,0,20,3,2,525,0,20,3,545,50,15,2,505,100,10,1,3,525,100,15,3,505,0,15,1,545,50,20,2,2,525,100,20,1,525,50,10,2,505,0,15,3
24,2,2,505,0,10,1,525,100,20,3,545,50,15,2,2,525,100,15,3,505,0,15,1,545,50,20,2,1,525,0,20,3,545,50,15,2,505,100,10,1,3,505,100,15,1,545,50,15,2,525,0,20,3,1,525,100,20,1,525,50,10,2,505,0,15,3,1,505,0,20,3,525,100,10,1,525,50,10,2,2,545,50,10,2,505,0,10,3,545,100,20,1,3,545,50,10,2,545,0,20,1,505,100,10,3,2,545,50,15,2,505,100,20,3,525,0,15,1
25,2,2,545,50,15,2,505,100,20,3,525,0,15,1,1,525,0,20,3,545,50,15,2,505,100,10,1,3,505,100,15,1,545,50,15,2,525,0,20,3,1,525,100,20,1,525,50,10,2,505,0,15,3,1,505,0,20,3,525,100,10,1,525,50,10,2,3,545,50,10,2,505,0,10,3,545,100,20,1,2,545,50,10,2,545,0,20,1,505,100,10,3,2,505,0,10,1,525,100,20,3,545,50,15,2,3,525,100,15,3,505,0,15,1,545,50,20,2
26,2,3,505,0,10,1,525,100,20,3,545,50,15,2,1,545,50,10,2,545,0,20,1,505,100,10,3,3,545,50,10,2,505,0,10,3,545,100,20,1,2,505,0,20,3,525,100,10,1,525,50,10,2,2,525,0,20,3,545,50,15,2,505,100,10,1,1,505,100,15,1,545,50,15,2,525,0,20,3,1,525,100,15,3,505,0,15,1,545,50,20,2,2,545,50,15,2,505,100,20,3,525,0,15,1,1,525,100,20,1,525,50,10,2,505,0,15,3
27,2,3,545,50,10,2,505,0,10,3,545,100,20,1,2,505,0,10,1,525,100,20,3,545,50,15,2,2,505,0,20,3,525,100,10,1,525,50,10,2,3,545,50,10,2,545,0,20,1,505,100,10,3,1,505,100,15,1,545,50,15,2,525,0,20,3,3,525,0,20,3,545,50,15,2,505,100,10,1,2,545,50,15,2,505,100,20,3,525,0,15,1,1,525,100,15,3,505,0,15,1,545,50,20,2,1,525,100,20,1,525,50,10,2,505,0,15,3
28,2,2,545,50,10,2,545,0,20,1,505,100,10,3,3,545,50,10,2,505,0,10,3,545,100,20,1,2,505,0,20,3,525,100,10,1,525,50,10,2,1,505,0,10,1,525,100,20,3,545,50,15,2,1,505,100,15,1,545,50,15,2,525,0,20,3,3,525,0,20,3,545,50,15,2,505,100,10,1,2,525,100,15,3,505,0,15,1,545,50,20,2,3,545,50,15,2,505,100,20,3,525,0,15,1,1,525,100,20,1,525,50,10,2,505,0,15,3
29,2,2,505,0,10,1,525,100,20,3,545,50,15,2,1,545,50,10,2,545,0,20,1,505,100,10,3,3,545,50,10,2,505,0,10,3,545,100,20,1,2,505,0,20,3,525,100,10,1,525,50,10,2,1,525,100,20,1,525,50,10,2,505,0,15,3,2,525,0,20,3,545,50,15,2,505,100,10,1,1,525,100,15,3,505,0,15,1,545,50,20,2,2,545,50,15,2,505,100,20,3,525,0,15,1,1,505,100,15,1,545,50,15,2,525,0,20,3
30,2,3,545,50,10,2,505,0,10,3,545,100,20,1,3,505,0,10,1,525,100,20,3,545,50,15,2,1,505,0,20,3,525,100,10,1,525,50,10,2,2,545,50,10,2,545,0,20,1,505,100,10,3,1,505,100,15,1,545,50,15,2,525,0,20,3,3,525,100,15,3,505,0,15,1,545,50,20,2,1,525,100,20,1,525,50,10,2,505,0,15,3,2,525,0,20,3,545,50,15,2,505,100,10,1,1,545,50,15,2,505,100,20,3,525,0,15,1
31,2,1,545,50,15,2,505,100,20,3,525,0,15,1,3,525,100,15,3,505,0,15,1,545,50,20,2,2,525,0,20,3,545,50,15,2,505,100,10,1,2,505,100,15,1,545,50,15,2,525,0,20,3,2,525,100,20,1,525,50,10,2,505,0,15,3,3,505,0,20,3,525,100,10,1,525,50,10,2,1,545,50,10,2,505,0,10,3,545,100,20,1,1,545,50,10,2,545,0,20,1,505,100,10,3,3,505,0,10,1,525,100,20,3,545,50,15,2
32,2,2,505,0,10,1,525,100,20,3,545,50,15,2,3,545,50,10,2,545,0,20,1,505,100,10,3,3,545,50,10,2,505,0,10,3,545,100,20,1,2,505,0,20,3,525,100,10,1,525,50,10,2,2,525,100,15,3,505,0,15,1,545,50,20,2,3,505,100,15,1,545,50,15,2,525,0,20,3,1,525,0,20,3,545,50,15,2,505,100,10,1,1,525,100,20,1,525,50,10,2,505,0,15,3,3,545,50,15,2,505,100,20,3,525,0,15,1
33,2,1,505,0,20,3,525,100,10,1,525,50,10,2,2,505,0,10,1,525,100,20,3,545,50,15,2,3,545,50,10,2,545,0,20,1,505,100,10,3,3,545,50,10,2,505,0,10,3,545,100,20,1,1,525,100,20,1,525,50,10,2,505,0,15,3,1,525,0,20,3,545,50,15,2,505,100,10,1,2,525,100,15,3,505,0,15,1,545,50,20,2,2,545,50,15,2,505,100,20,3,525,0,15,1,3,505,100,15,1,545,50,15,2,525,0,20,3
34,2,2,505,0,10,1,525,100,20,3,545,50,15,2,3,545,50,10,2,545,0,20,1,505,100,10,3,3,545,50,10,2,505,0,10,3,545,100,20,1,2,505,0,20,3,525,100,10,1,525,50,10,2,1,505,100,15,1,545,50,15,2,525,0,20,3,2,525,0,20,3,545,50,15,2,505,100,10,1,3,525,100,15,3,505,0,15,1,545,50,20,2,2,545,50,15,2,505,100,20,3,525,0,15,1,1,525,100,20,1,525,50,10,2,505,0,15,3
35,2,2,545,50,10,2,505,0,10,3,545,100,20,1,1,505,0,10,1,525,100,20,3,545,50,15,2,3,545,50,10,2,545,0,20,1,505,100,10,3,1,505,0,20,3,525,100,10,1,525,50,10,2,2,545,50,15,2,505,100,20,3,525,0,15,1,1,505,100,15,1,545,50,15,2,525,0,20,3,2,525,0,20,3,545,50,15,2,505,100,10,1,2,525,100,15,3,505,0,15,1,545,50,20,2,3,525,100,20,1,525,50,10,2,505,0,15,3
36,2,3,505,0,10,1,525,100,20,3,545,50,15,2,3,545,50,10,2,505,0,10,3,545,100,20,1,1,545,50,10,2,545,0,20,1,505,100,10,3,2,505,0,20,3,525,100,10,1,525,50,10,2,2,525,100,15,3,505,0,15,1,545,50,20,2,3,505,100,15,1,545,50,15,2,525,0,20,3,3,525,0,20,3,545,50,15,2,505,100,10,1,2,545,50,15,2,505,100,20,3,525,0,15,1,2,525,100,20,1,525,50,10,2,505,0,15,3
37,2,1,505,0,10,1,525,100,20,3,545,50,15,2,2,545,50,10,2,545,0,20,1,505,100,10,3,2,545,50,10,2,505,0,10,3,545,100,20,1,1,505,0,20,3,525,100,10,1,525,50,10,2,3,505,100,15,1,545,50,15,2,525,0,20,3,3,525,0,20,3,545,50,15,2,505,100,10,1,2,525,100,15,3,505,0,15,1,545,50,20,2,3,545,50,15,2,505,100,20,3,525,0,15,1,3,525,100,20,1,525,50,10,2,505,0,15,3
38,2,3,545,50,10,2,505,0,10,3,545,100,20,1,2,505,0,10,1,525,100,20,3,545,50,15,2,2,545,50,10,2,545,0,20,1,505,100,10,3,1,505,0,20,3,525,100,10,1,525,50,10,2,2,545,50,15,2,505,100,20,3,525,0,15,1,3,505,100,15,1,545,50,15,2,525,0,20,3,1,525,0,20,3,545,50,15,2,505,100,10,1,3,525,100,15,3,505,0,15,1,545,50,20,2,1,525,100,20,1,525,50,10,2,505,0,15,3
39,2,3,545,50,10,2,505,0,10,3,545,100,20,1,2,505,0,10,1,525,100,20,3,545,50,15,2,3,545,50,10,2,545,0,20,1,505,100,10,3,1,505,0,20,3,525,100,10,1,525,50,10,2,3,545,50,15,2,505,100,20,3,525,0,15,1,1,505,100,15,1,545,50,15,2,525,0,20,3,1,525,0,20,3,545,50,15,2,505,100,10,1,2,525,100,15,3,505,0,15,1,545,50,20,2,3,525,100,20,1,525,50,10,2,505,0,15,3
40,2,2,545,50,15,2,505,100,20,3,525,0,15,1,3,525,100,15,3,505,0,15,1,545,50,20,2,1,525,0,20,3,545,50,15,2,505,100,10,1,3,505,100,15,1,545,50,15,2,525,0,20,3,1,525,100,20,1,525,50,10,2,505,0,15,3,1,505,0,20,3,525,100,10,1,525,50,10,2,3,545,50,10,2,505,0,10,3,545,100,20,1,2,545,50,10,2,545,0,20,1,505,100,10,3,2,505,0,10,1,525,100,20,3,545,50,15,2
41,2,2,505,0,10,1,525,100,20,3,545,50,15,2,3,545,50,10,2,505,0,10,3,545,100,20,1,1,505,0,20,3,525,100,10,1,525,50,10,2,1,545,50,10,2,545,0,20,1,505,100,10,3,3,505,100,15,1,545,50,15,2,525,0,20,3,1,525,0,20,3,545,50,15,2,505,100,10,1,3,525,100,15,3,505,0,15,1,545,50,20,2,1,545,50,15,2,505,100,20,3,525,0,15,1,1,525,100,20,1,525,50,10,2,505,0,15,3
42,2,2,505,0,10,1,525,100,20,3,545,50,15,2,2,545,50,10,2,545,0,20,1,505,100,10,3,3,545,50,10,2,505,0,10,3,545,100,20,1,1,505,0,20,3,525,100,10,1,525,50,10,2,1,525,100,20,1,525,50,10,2,505,0,15,3,3,505,100,15,1,545,50,15,2,525,0,20,3,1,525,0,20,3,545,50,15,2,505,100,10,1,3,525,100,15,3,505,0,15,1,545,50,20,2,2,545,50,15,2,505,100,20,3,525,0,15,1
43,2,2,505,0,10,1,525,100,20,3,545,50,15,2,2,545,50,10,2,545,0,20,1,505,100,10,3,3,545,50,10,2,505,0,10,3,545,100,20,1,1,505,0,20,3,525,100,10,1,525,50,10,2,2,545,50,15,2,505,100,20,3,525,0,15,1,1,505,100,15,1,545,50,15,2,525,0,20,3,1,525,0,20,3,545,50,15,2,505,100,10,1,2,525,100,15,3,505,0,15,1,545,50,20,2,1,525,100,20,1,525,50,10,2,505,0,15,3
44,2,2,505,0,10,1,525,100,20,3,545,50,15,2,2,545,50,10,2,545,0,20,1,505,100,10,3,3,545,50,10,2,505,0,10,3,545,100,20,1,1,505,0,20,3,525,100,10,1,525,50,10,2,1,525,0,20,3,545,50,15,2,505,100,10,1,1,505,100,15,1,545,50,15,2,525,0,20,3,2,525,100,15,3,505,0,15,1,545,50,20,2,2,545,50,15,2,505,100,20,3,525,0,15,1,3,525,100,20,1,525,50,10,2,505,0,15,3
45,2,2,505,0,10,1,525,100,20,3,545,50,15,2,3,545,50,10,2,505,0,10,3,545,100,20,1,1,505,0,20,3,525,100,10,1,525,50,10,2,2,545,50,10,2,545,0,20,1,505,100,10,3,1,505,100,15,1,545,50,15,2,525,0,20,3,1,525,0,20,3,545,50,15,2,505,100,10,1,2,525,100,15,3,505,0,15,1,545,50,20,2,2,545,50,15,2,505,100,20,3,525,0,15,1,1,525,100,20,1,525,50,10,2,505,0,15,3
46,2,3,545,50,15,2,505,100,20,3,525,0,15,1,2,525,100,15,3,505,0,15,1,545,50,20,2,2,525,0,20,3,545,50,15,2,505,100,10,1,1,505,100,15,1,545,50,15,2,525,0,20,3,1,525,100,20,1,525,50,10,2,505,0,15,3,2,505,0,20,3,525,100,10,1,525,50,10,2,3,545,50,10,2,505,0,10,3,545,100,20,1,1,545,50,10,2,545,0,20,1,505,100,10,3,1,505,0,10,1,525,100,20,3,545,50,15,2
47,1,2,545,50,15,2,505,100,20,3,525,0,15,1,2,525,100,15,3,505,0,15,1,545,50,20,2,2,505,0,10,1,525,100,20,3,545,50,15,2,3,545,50,10,2,545,0,20,1,505,100,10,3,2,545,50,10,2,505,0,10,3,545,100,20,1,1,525,0,20,3,545,50,15,2,505,100,10,1,3,525,100,20,1,525,50,10,2,505,0,15,3,1,505,100,15,1,545,50,15,2,525,0,20,3,1,505,0,20,3,525,100,10,1,525,50,10,2
48,1,2,545,50,15,2,505,100,20,3,525,0,15,1,2,525,100,15,3,505,0,15,1,545,50,20,2,3,525,0,20,3,545,50,15,2,505,100,10,1,1,505,100,15,1,545,50,15,2,525,0,20,3,3,525,100,20,1,525,50,10,2,505,0,15,3,1,505,0,20,3,525,100,10,1,525,50,10,2,2,545,50,10,2,505,0,10,3,545,100,20,1,3,545,50,10,2,545,0,20,1,505,100,10,3,1,505,0,10,1,525,100,20,3,545,50,15,2
49,1,2,505,0,10,1,525,100,20,3,545,50,15,2,2,545,50,10,2,545,0,20,1,505,100,10,3,3,545,50,10,2,505,0,10,3,545,100,20,1,1,505,0,20,3,525,100,10,1,525,50,10,2,2,505,100,15,1,545,50,15,2,525,0,20,3,1,525,0,20,3,545,50,15,2,505,100,10,1,3,545,50,15,2,505,100,20,3,525,0,15,1,1,525,100,20,1,525,50,10,2,505,0,15,3,3,525,100,15,3,505,0,15,1,545,50,20,2
50,1,2,505,0,10,1,525,100,20,3,545,50,15,2,2,545,50,15,2,505,100,20,3,525,0,15,1,1,525,100,15,3,505,0,15,1,545,50,20,2,3,525,0,20,3,545,50,15,2,505,100,10,1,1,505,100,15,1,545,50,15,2,525,0,20,3,3,525,100,20,1,525,50,10,2,505,0,15,3,1,505,0,20,3,525,100,10,1,525,50,10,2,2,545,50,10,2,505,0,10,3,545,100,20,1,3,545,50,10,2,545,0,20,1,505,100,10,3
51,1,2,545,50,15,2,505,100,20,3,525,0,15,1,3,525,0,20,3,545,50,15,2,505,100,10,1,1,505,100,15,1,545,50,15,2,525,0,20,3,1,525,100,20,1,525,50,10,2,505,0,15,3,2,505,0,20,3,525,100,10,1,525,50,10,2,3,545,50,10,2,505,0,10,3,545,100,20,1,3,545,50,10,2,545,0,20,1,505,100,10,3,2,505,0,10,1,525,100,20,3,545,50,15,2,1,525,100,15,3,505,0,15,1,545,50,20,2
52,1,2,505,0,10,1,525,100,20,3,545,50,15,2,2,545,50,10,2,545,0,20,1,505,100,10,3,3,545,50,10,2,505,0,10,3,545,100,20,1,1,525,100,20,1,525,50,10,2,505,0,15,3,1,505,100,15,1,545,50,15,2,525,0,20,3,2,525,0,20,3,545,50,15,2,505,100,10,1,1,525,100,15,3,505,0,15,1,545,50,20,2,3,545,50,15,2,505,100,20,3,525,0,15,1,1,505,0,20,3,525,100,10,1,525,50,10,2
53,1,3,505,0,10,1,525,100,20,3,545,50,15,2,3,545,50,10,2,505,0,10,3,545,100,20,1,2,505,0,20,3,525,100,10,1,525,50,10,2,2,545,50,10,2,545,0,20,1,505,100,10,3,1,505,100,15,1,545,50,15,2,525,0,20,3,2,525,0,20,3,545,50,15,2,505,100,10,1,1,545,50,15,2,505,100,20,3,525,0,15,1,1,525,100,20,1,525,50,10,2,505,0,15,3,3,525,100,15,3,505,0,15,1,545,50,20,2
54,1,2,545,50,15,2,505,100,20,3,525,0,15,1,2,525,100,15,3,505,0,15,1,545,50,20,2,3,525,0,20,3,545,50,15,2,505,100,10,1,1,505,100,15,1,545,50,15,2,525,0,20,3,1,525,100,20,1,525,50,10,2,505,0,15,3,2,505,0,20,3,525,100,10,1,525,50,10,2,2,545,50,10,2,505,0,10,3,545,100,20,1,3,545,50,10,2,545,0,20,1,505,100,10,3,2,505,0,10,1,525,100,20,3,545,50,15,2
55,1,2,545,50,15,2,505,100,20,3,525,0,15,1,2,525,100,15,3,505,0,15,1,545,50,20,2,3,525,0,20,3,545,50,15,2,505,100,10,1,1,505,100,15,1,545,50,15,2,525,0,20,3,1,525,100,20,1,525,50,10,2,505,0,15,3,1,505,0,20,3,525,100,10,1,525,50,10,2,3,545,50,10,2,505,0,10,3,545,100,20,1,1,545,50,10,2,545,0,20,1,505,100,10,3,2,505,0,10,1,525,100,20,3,545,50,15,2
56,1,2,545,50,10,2,545,0,20,1,505,100,10,3,3,505,100,15,1,545,50,15,2,525,0,20,3,1,525,100,20,1,525,50,10,2,505,0,15,3,1,505,0,20,3,525,100,10,1,525,50,10,2,3,545,50,10,2,505,0,10,3,545,100,20,1,2,545,50,15,2,505,100,20,3,525,0,15,1,2,505,0,10,1,525,100,20,3,545,50,15,2,3,525,100,15,3,505,0,15,1,545,50,20,2,1,525,0,20,3,545,50,15,2,505,100,10,1
57,1,2,525,100,15,3,505,0,15,1,545,50,20,2,2,545,50,15,2,505,100,20,3,525,0,15,1,3,505,100,15,1,545,50,15,2,525,0,20,3,1,525,100,20,1,525,50,10,2,505,0,15,3,3,545,50,10,2,505,0,10,3,545,100,20,1,2,545,50,10,2,545,0,20,1,505,100,10,3,2,505,0,10,1,525,100,20,3,545,50,15,2,1,525,0,20,3,545,50,15,2,505,100,10,1,1,505,0,20,3,525,100,10,1,525,50,10,2
58,1,2,505,0,10,1,525,100,20,3,545,50,15,2,2,545,50,15,2,505,100,20,3,525,0,15,1,2,525,100,15,3,505,0,15,1,545,50,20,2,3,525,0,20,3,545,50,15,2,505,100,10,1,1,505,100,15,1,545,50,15,2,525,0,20,3,1,525,100,20,1,525,50,10,2,505,0,15,3,2,505,0,20,3,525,100,10,1,525,50,10,2,1,545,50,10,2,505,0,10,3,545,100,20,1,3,545,50,10,2,545,0,20,1,505,100,10,3
59,1,3,505,0,20,3,525,100,10,1,525,50,10,2,2,525,100,20,1,525,50,10,2,505,0,15,3,2,505,100,15,1,545,50,15,2,525,0,20,3,2,525,0,20,3,545,50,15,2,505,100,10,1,2,505,0,10,1,525,100,20,3,545,50,15,2,3,545,50,10,2,505,0,10,3,545,100,20,1,3,545,50,10,2,545,0,20,1,505,100,10,3,1,525,100,15,3,505,0,15,1,545,50,20,2,1,545,50,15,2,505,100,20,3,525,0,15,1
60,1,2,505,0,10,1,525,100,20,3,545,50,15,2,2,545,50,15,2,505,100,20,3,525,0,15,1,3,525,100,15,3,505,0,15,1,545,50,20,2,1,525,0,20,3,545,50,15,2,505,100,10,1,3,505,100,15,1,545,50,15,2,525,0,20,3,1,525,100,20,1,525,50,10,2,505,0,15,3,1,505,0,20,3,525,100,10,1,525,50,10,2,3,545,50,10,2,505,0,10,3,545,100,20,1,2,545,50,10,2,545,0,20,1,505,100,10,3
61,1,3,545,50,15,2,505,100,20,3,525,0,15,1,1,525,0,20,3,545,50,15,2,505,100,10,1,2,505,0,10,1,525,100,20,3,545,50,15,2,2,545,50,10,2,545,0,20,1,505,100,10,3,2,525,100,15,3,505,0,15,1,545,50,20,2,1,505,0,20,3,525,100,10,1,525,50,10,2,1,525,100,20,1,525,50,10,2,505,0,15,3,1,505,100,15,1,545,50,15,2,525,0,20,3,3,545,50,10,2,505,0,10,3,545,100,20,1
62,1,1,545,50,15,2,505,100,20,3,525,0,15,1,3,525,100,15,3,505,0,15,1,545,50,20,2,2,505,100,15,1,545,50,15,2,525,0,20,3,2,525,100,20,1,525,50,10,2,505,0,15,3,2,525,0,20,3,545,50,15,2,505,100,10,1,1,545,50,10,2,505,0,10,3,545,100,20,1,1,545,50,10,2,545,0,20,1,505,100,10,3,3,505,0,10,1,525,100,20,3,545,50,15,2,3,505,0,20,3,525,100,10,1,525,50,10,2
63,1,2,545,50,15,2,505,100,20,3,525,0,15,1,1,525,100,15,3,505,0,15,1,545,50,20,2,1,505,100,15,1,545,50,15,2,525,0,20,3,1,525,100,20,1,525,50,10,2,505,0,15,3,2,505,0,20,3,525,100,10,1,525,50,10,2,3,545,50,10,2,505,0,10,3,545,100,20,1,1,545,50,10,2,545,0,20,1,505,100,10,3,3,505,0,10,1,525,100,20,3,545,50,15,2,3,525,0,20,3,545,50,15,2,505,100,10,1
64,1,3,545,50,10,2,505,0,10,3,545,100,20,1,2,545,50,15,2,505,100,20,3,525,0,15,1,3,525,100,15,3,505,0,15,1,545,50,20,2,2,525,0,20,3,545,50,15,2,505,100,10,1,1,505,100,15,1,545,50,15,2,525,0,20,3,1,525,100,20,1,525,50,10,2,505,0,15,3,2,505,0,20,3,525,100,10,1,525,50,10,2,3,545,50,10,2,545,0,20,1,505,100,10,3,2,505,0,10,1,525,100,20,3,545,50,15,2
65,1,2,505,0,20,3,525,100,10,1,525,50,10,2,3,545,50,10,2,505,0,10,3,545,100,20,1,1,545,50,10,2,545,0,20,1,505,100,10,3,3,505,0,10,1,525,100,20,3,545,50,15,2,1,545,50,15,2,505,100,20,3,525,0,15,1,3,525,100,15,3,505,0,15,1,545,50,20,2,1,505,100,15,1,545,50,15,2,525,0,20,3,3,525,0,20,3,545,50,15,2,505,100,10,1,1,525,100,20,1,525,50,10,2,505,0,15,3
66,1,1,505,100,15,1,545,50,15,2,525,0,20,3,2,525,100,15,3,505,0,15,1,545,50,20,2,3,525,0,20,3,545,50,15,2,505,100,10,1,2,545,50,15,2,505,100,20,3,525,0,15,1,3,525,100,20,1,525,50,10,2,505,0,15,3,3,545,50,10,2,545,0,20,1,505,100,10,3,2,545,50,10,2,505,0,10,3,545,100,20,1,1,505,0,20,3,525,100,10,1,525,50,10,2,1,505,0,10,1,525,100,20,3,545,50,15,2
67,1,2,545,50,15,2,505,100,20,3,525,0,15,1,1,525,100,15,3,505,0,15,1,545,50,20,2,1,525,0,20,3,545,50,15,2,505,100,10,1,1,525,100,20,1,525,50,10,2,505,0,15,3,1,505,0,20,3,525,100,10,1,525,50,10,2,3,545,50,10,2,505,0,10,3,545,100,20,1,2,545,50,10,2,545,0,20,1,505,100,10,3,3,505,100,15,1,545,50,15,2,525,0,20,3,2,505,0,10,1,525,100,20,3,545,50,15,2
68,1,2,545,50,10,2,545,0,20,1,505,100,10,3,2,545,50,15,2,505,100,20,3,525,0,15,1,1,525,100,15,3,505,0,15,1,545,50,20,2,2,525,0,20,3,545,50,15,2,505,100,10,1,1,505,100,15,1,545,50,15,2,525,0,20,3,1,525,100,20,1,525,50,10,2,505,0,15,3,1,505,0,20,3,525,100,10,1,525,50,10,2,3,545,50,10,2,505,0,10,3,545,100,20,1,3,505,0,10,1,525,100,20,3,545,50,15,2
69,1,3,545,50,10,2,505,0,10,3,545,100,20,1,2,505,0,20,3,525,100,10,1,525,50,10,2,1,525,100,20,1,525,50,10,2,505,0,15,3,2,545,50,15,2,505,100,20,3,525,0,15,1,2,525,0,20,3,545,50,15,2,505,100,10,1,3,525,100,15,3,505,0,15,1,545,50,20,2,2,545,50,10,2,545,0,20,1,505,100,10,3,1,505,100,15,1,545,50,15,2,525,0,20,3,3,505,0,10,1,525,100,20,3,545,50,15,2
70,1,2,545,50,15,2,505,100,20,3,525,0,15,1,1,525,100,15,3,505,0,15,1,545,50,20,2,3,525,0,20,3,545,50,15,2,505,100,10,1,1,505,100,15,1,545,50,15,2,525,0,20,3,1,525,100,20,1,525,50,10,2,505,0,15,3,2,505,0,20,3,525,100,10,1,525,50,10,2,3,545,50,10,2,505,0,10,3,545,100,20,1,1,545,50,10,2,545,0,20,1,505,100,10,3,2,505,0,10,1,525,100,20,3,545,50,15,2
71,1,2,545,50,10,2,545,0,20,1,505,100,10,3,3,545,50,10,2,505,0,10,3,545,100,20,1,1,505,0,20,3,525,100,10,1,525,50,10,2,1,525,100,20,1,525,50,10,2,505,0,15,3,2,545,50,15,2,505,100,20,3,525,0,15,1,2,525,0,20,3,545,50,15,2,505,100,10,1,2,525,100,15,3,505,0,15,1,545,50,20,2,2,505,100,15,1,545,50,15,2,525,0,20,3,3,505,0,10,1,525,100,20,3,545,50,15,2
72,1,1,545,50,10,2,505,0,10,3,545,100,20,1,3,505,0,10,1,525,100,20,3,545,50,15,2,1,545,50,10,2,545,0,20,1,505,100,10,3,3,505,100,15,1,545,50,15,2,525,0,20,3,2,525,100,20,1,525,50,10,2,505,0,15,3,3,525,0,20,3,545,50,15,2,505,100,10,1,1,525,100,15,3,505,0,15,1,545,50,20,2,3,505,0,20,3,525,100,10,1,525,50,10,2,2,545,50,15,2,505,100,20,3,525,0,15,1
73,1,2,545,50,15,2,505,100,20,3,525,0,15,1,1,525,100,15,3,505,0,15,1,545,50,20,2,3,525,0,20,3,545,50,15,2,505,100,10,1,1,505,100,15,1,545,50,15,2,525,0,20,3,1,525,100,20,1,525,50,10,2,505,0,15,3,1,505,0,20,3,525,100,10,1,525,50,10,2,3,545,50,10,2,505,0,10,3,545,100,20,1,2,545,50,10,2,545,0,20,1,505,100,10,3,2,505,0,10,1,525,100,20,3,545,50,15,2
75,3,2,545,50,15,2,505,100,20,3,525,0,15,1,2,525,100,15,3,505,0,15,1,545,50,20,2,2,505,0,10,1,525,100,20,3,545,50,15,2,3,545,50,10,2,505,0,10,3,545,100,20,1,1,505,0,20,3,525,100,10,1,525,50,10,2,3,525,100,20,1,525,50,10,2,505,0,15,3,1,505,100,15,1,545,50,15,2,525,0,20,3,1,525,0,20,3,545,50,15,2,505,100,10,1,2,545,50,10,2,545,0,20,1,505,100,10,3
76,3,2,545,50,15,2,505,100,20,3,525,0,15,1,2,525,100,15,3,505,0,15,1,545,50,20,2,3,525,0,20,3,545,50,15,2,505,100,10,1,1,505,0,20,3,525,100,10,1,525,50,10,2,3,525,100,20,1,525,50,10,2,505,0,15,3,1,505,100,15,1,545,50,15,2,525,0,20,3,1,505,0,10,1,525,100,20,3,545,50,15,2,3,545,50,10,2,545,0,20,1,505,100,10,3,2,545,50,10,2,505,0,10,3,545,100,20,1
77,3,3,505,0,10,1,525,100,20,3,545,50,15,2,3,505,0,20,3,525,100,10,1,525,50,10,2,2,525,100,20,1,525,50,10,2,505,0,15,3,2,505,100,15,1,545,50,15,2,525,0,20,3,2,525,0,20,3,545,50,15,2,505,100,10,1,3,545,50,15,2,505,100,20,3,525,0,15,1,1,545,50,10,2,505,0,10,3,545,100,20,1,1,545,50,10,2,545,0,20,1,505,100,10,3,2,525,100,15,3,505,0,15,1,545,50,20,2
78,3,2,545,50,10,2,545,0,20,1,505,100,10,3,3,545,50,10,2,505,0,10,3,545,100,20,1,1,505,0,20,3,525,100,10,1,525,50,10,2,1,525,100,20,1,525,50,10,2,505,0,15,3,2,505,0,10,1,525,100,20,3,545,50,15,2,1,525,0,20,3,545,50,15,2,505,100,10,1,3,525,100,15,3,505,0,15,1,545,50,20,2,2,545,50,15,2,505,100,20,3,525,0,15,1,3,505,100,15,1,545,50,15,2,525,0,20,3
79,3,1,505,100,15,1,545,50,15,2,525,0,20,3,2,545,50,15,2,505,100,20,3,525,0,15,1,3,525,100,15,3,505,0,15,1,545,50,20,2,2,505,0,10,1,525,100,20,3,545,50,15,2,2,545,50,10,2,545,0,20,1,505,100,10,3,3,545,50,10,2,505,0,10,3,545,100,20,1,1,505,0,20,3,525,100,10,1,525,50,10,2,1,525,100,20,1,525,50,10,2,505,0,15,3,2,525,0,20,3,545,50,15,2,505,100,10,1
80,3,2,525,0,20,3,545,50,15,2,505,100,10,1,1,525,100,15,3,505,0,15,1,545,50,20,2,1,505,100,15,1,545,50,15,2,525,0,20,3,1,525,100,20,1,525,50,10,2,505,0,15,3,2,505,0,20,3,525,100,10,1,525,50,10,2,3,545,50,10,2,505,0,10,3,545,100,20,1,3,545,50,10,2,545,0,20,1,505,100,10,3,2,505,0,10,1,525,100,20,3,545,50,15,2,2,545,50,15,2,505,100,20,3,525,0,15,1
81,3,3,505,0,10,1,525,100,20,3,545,50,15,2,2,545,50,10,2,545,0,20,1,505,100,10,3,3,545,50,10,2,505,0,10,3,545,100,20,1,3,505,0,20,3,525,100,10,1,525,50,10,2,1,525,0,20,3,545,50,15,2,505,100,10,1,2,545,50,15,2,505,100,20,3,525,0,15,1,3,505,100,15,1,545,50,15,2,525,0,20,3,2,525,100,20,1,525,50,10,2,505,0,15,3,2,525,100,15,3,505,0,15,1,545,50,20,2
82,1,2,545,50,15,2,505,100,20,3,525,0,15,1,3,525,100,15,3,505,0,15,1,545,50,20,2,2,525,0,20,3,545,50,15,2,505,100,10,1,2,505,100,15,1,545,50,15,2,525,0,20,3,2,525,100,20,1,525,50,10,2,505,0,15,3,3,505,0,20,3,525,100,10,1,525,50,10,2,1,545,50,10,2,505,0,10,3,545,100,20,1,3,505,0,10,1,525,100,20,3,545,50,15,2,1,545,50,10,2,545,0,20,1,505,100,10,3
83,1,2,505,0,10,1,525,100,20,3,545,50,15,2,2,545,50,10,2,545,0,20,1,505,100,10,3,3,545,50,10,2,505,0,10,3,545,100,20,1,1,505,0,20,3,525,100,10,1,525,50,10,2,1,525,100,20,1,525,50,10,2,505,0,15,3,3,505,100,15,1,545,50,15,2,525,0,20,3,1,525,0,20,3,545,50,15,2,505,100,10,1,1,525,100,15,3,505,0,15,1,545,50,20,2,2,545,50,15,2,505,100,20,3,525,0,15,1
84,1,2,525,100,15,3,505,0,15,1,545,50,20,2,1,525,0,20,3,545,50,15,2,505,100,10,1,1,505,100,15,1,545,50,15,2,525,0,20,3,3,525,100,20,1,525,50,10,2,505,0,15,3,3,545,50,15,2,505,100,20,3,525,0,15,1,3,545,50,10,2,505,0,10,3,545,100,20,1,2,545,50,10,2,545,0,20,1,505,100,10,3,2,505,0,10,1,525,100,20,3,545,50,15,2,1,505,0,20,3,525,100,10,1,525,50,10,2
85,3,3,545,50,10,2,545,0,20,1,505,100,10,3,3,545,50,10,2,505,0,10,3,545,100,20,1,2,505,0,20,3,525,100,10,1,525,50,10,2,1,525,100,20,1,525,50,10,2,505,0,15,3,2,505,0,10,1,525,100,20,3,545,50,15,2,3,525,0,20,3,545,50,15,2,505,100,10,1,1,525,100,15,3,505,0,15,1,545,50,20,2,2,545,50,15,2,505,100,20,3,525,0,15,1,1,505,100,15,1,545,50,15,2,525,0,20,3
86,1,3,525,100,15,3,505,0,15,1,545,50,20,2,2,505,0,10,1,525,100,20,3,545,50,15,2,2,545,50,10,2,545,0,20,1,505,100,10,3,3,545,50,10,2,505,0,10,3,545,100,20,1,1,505,0,20,3,525,100,10,1,525,50,10,2,1,525,100,20,1,525,50,10,2,505,0,15,3,2,505,100,15,1,545,50,15,2,525,0,20,3,1,545,50,15,2,505,100,20,3,525,0,15,1,2,525,0,20,3,545,50,15,2,505,100,10,1
87,3,2,545,50,10,2,505,0,10,3,545,100,20,1,3,545,50,10,2,545,0,20,1,505,100,10,3,1,505,0,10,1,525,100,20,3,545,50,15,2,2,545,50,15,2,505,100,20,3,525,0,15,1,2,525,100,15,3,505,0,15,1,545,50,20,2,3,525,0,20,3,545,50,15,2,505,100,10,1,1,505,100,15,1,545,50,15,2,525,0,20,3,3,525,100,20,1,525,50,10,2,505,0,15,3,1,505,0,20,3,525,100,10,1,525,50,10,2
88,3,3,525,100,15,3,505,0,15,1,545,50,20,2,2,505,0,10,1,525,100,20,3,545,50,15,2,2,545,50,10,2,545,0,20,1,505,100,10,3,3,545,50,10,2,505,0,10,3,545,100,20,1,1,505,0,20,3,525,100,10,1,525,50,10,2,1,525,100,20,1,525,50,10,2,505,0,15,3,3,505,100,15,1,545,50,15,2,525,0,20,3,2,545,50,15,2,505,100,20,3,525,0,15,1,1,525,0,20,3,545,50,15,2,505,100,10,1
89,2,2,545,50,10,2,545,0,20,1,505,100,10,3,3,525,100,15,3,505,0,15,1,545,50,20,2,1,525,0,20,3,545,50,15,2,505,100,10,1,3,505,100,15,1,545,50,15,2,525,0,20,3,1,525,100,20,1,525,50,10,2,505,0,15,3,1,505,0,20,3,525,100,10,1,525,50,10,2,3,545,50,10,2,505,0,10,3,545,100,20,1,2,545,50,15,2,505,100,20,3,525,0,15,1,2,505,0,10,1,525,100,20,3,545,50,15,2
90,2,2,505,0,10,1,525,100,20,3,545,50,15,2,2,545,50,10,2,545,0,20,1,505,100,10,3,1,505,0,20,3,525,100,10,1,525,50,10,2,1,525,100,20,1,525,50,10,2,505,0,15,3,3,545,50,10,2,505,0,10,3,545,100,20,1,3,525,0,20,3,545,50,15,2,505,100,10,1,1,525,100,15,3,505,0,15,1,545,50,20,2,2,545,50,15,2,505,100,20,3,525,0,15,1,1,505,100,15,1,545,50,15,2,525,0,20,3
91,2,2,505,0,10,1,525,100,20,3,545,50,15,2,3,545,50,10,2,545,0,20,1,505,100,10,3,3,545,50,10,2,505,0,10,3,545,100,20,1,2,505,0,20,3,525,100,10,1,525,50,10,2,1,525,100,20,1,525,50,10,2,505,0,15,3,3,525,0,20,3,545,50,15,2,505,100,10,1,2,525,100,15,3,505,0,15,1,545,50,20,2,2,545,50,15,2,505,100,20,3,525,0,15,1,1,505,100,15,1,545,50,15,2,525,0,20,3
92,1,1,545,50,10,2,505,0,10,3,545,100,20,1,2,505,0,10,1,525,100,20,3,545,50,15,2,2,545,50,10,2,545,0,20,1,505,100,10,3,1,505,0,20,3,525,100,10,1,525,50,10,2,1,545,50,15,2,505,100,20,3,525,0,15,1,2,505,100,15,1,545,50,15,2,525,0,20,3,2,525,0,20,3,545,50,15,2,505,100,10,1,1,525,100,15,3,505,0,15,1,545,50,20,2,3,525,100,20,1,525,50,10,2,505,0,15,3
93,1,2,505,0,10,1,525,100,20,3,545,50,15,2,2,545,50,10,2,545,0,20,1,505,100,10,3,1,505,0,20,3,525,100,10,1,525,50,10,2,3,525,100,20,1,525,50,10,2,505,0,15,3,3,545,50,10,2,505,0,10,3,545,100,20,1,1,525,0,20,3,545,50,15,2,505,100,10,1,3,525,100,15,3,505,0,15,1,545,50,20,2,1,545,50,15,2,505,100,20,3,525,0,15,1,3,505,100,15,1,545,50,15,2,525,0,20,3
94,1,1,545,50,10,2,545,0,20,1,505,100,10,3,3,545,50,15,2,505,100,20,3,525,0,15,1,2,525,100,15,3,505,0,15,1,545,50,20,2,3,525,0,20,3,545,50,15,2,505,100,10,1,1,505,100,15,1,545,50,15,2,525,0,20,3,2,525,100,20,1,525,50,10,2,505,0,15,3,2,505,0,20,3,525,100,10,1,525,50,10,2,1,545,50,10,2,505,0,10,3,545,100,20,1,1,505,0,10,1,525,100,20,3,545,50,15,2
95,3,3,525,100,15,3,505,0,15,1,545,50,20,2,1,525,0,20,3,545,50,15,2,505,100,10,1,2,545,50,15,2,505,100,20,3,525,0,15,1,3,505,100,15,1,545,50,15,2,525,0,20,3,3,525,100,20,1,525,50,10,2,505,0,15,3,2,505,0,20,3,525,100,10,1,525,50,10,2,2,545,50,10,2,505,0,10,3,545,100,20,1,2,545,50,10,2,545,0,20,1,505,100,10,3,2,505,0,10,1,525,100,20,3,545,50,15,2
97,3,2,525,0,20,3,545,50,15,2,505,100,10,1,2,505,100,15,1,545,50,15,2,525,0,20,3,1,525,100,20,1,525,50,10,2,505,0,15,3,1,505,0,20,3,525,100,10,1,525,50,10,2,3,545,50,10,2,505,0,10,3,545,100,20,1,3,545,50,10,2,545,0,20,1,505,100,10,3,2,505,0,10,1,525,100,20,3,545,50,15,2,2,545,50,15,2,505,100,20,3,525,0,15,1,3,525,100,15,3,505,0,15,1,545,50,20,2
98,3,3,525,100,15,3,505,0,15,1,545,50,20,2,3,525,0,20,3,545,50,15,2,505,100,10,1,1,525,100,20,1,525,50,10,2,505,0,15,3,3,545,50,10,2,505,0,10,3,545,100,20,1,3,545,50,10,2,545,0,20,1,505,100,10,3,2,505,0,10,1,525,100,20,3,545,50,15,2,2,545,50,15,2,505,100,20,3,525,0,15,1,1,505,100,15,1,545,50,15,2,525,0,20,3,2,505,0,20,3,525,100,10,1,525,50,10,2
99,3,3,545,50,15,2,505,100,20,3,525,0,15,1,1,525,0,20,3,545,50,15,2,505,100,10,1,3,505,100,15,1,545,50,15,2,525,0,20,3,3,525,100,20,1,525,50,10,2,505,0,15,3,1,505,0,20,3,525,100,10,1,525,50,10,2,2,545,50,10,2,505,0,10,3,545,100,20,1,2,545,50,10,2,545,0,20,1,505,100,10,3,1,505,0,10,1,525,100,20,3,545,50,15,2,2,525,100,15,3,505,0,15,1,545,50,20,2
100,3,3,545,50,15,2,505,100,20,3,525,0,15,1,3,525,0,20,3,545,50,15,2,505,100,10,1,1,505,100,15,1,545,50,15,2,525,0,20,3,1,525,100,20,1,525,50,10,2,505,0,15,3,2,505,0,20,3,525,100,10,1,525,50,10,2,3,545,50,10,2,505,0,10,3,545,100,20,1,3,545,50,10,2,545,0,20,1,505,100,10,3,1,505,0,10,1,525,100,20,3,545,50,15,2,2,525,100,15,3,505,0,15,1,545,50,20,2
101,1,1,545,50,15,2,505,100,20,3,525,0,15,1,3,525,100,15,3,505,0,15,1,545,50,20,2,3,505,0,10,1,525,100,20,3,545,50,15,2,2,525,0,20,3,545,50,15,2,505,100,10,1,2,505,100,15,1,545,50,15,2,525,0,20,3,3,525,100,20,1,525,50,10,2,505,0,15,3,1,505,0,20,3,525,100,10,1,525,50,10,2,2,545,50,10,2,505,0,10,3,545,100,20,1,3,545,50,10,2,545,0,20,1,505,100,10,3
102,1,1,505,0,10,1,525,100,20,3,545,50,15,2,3,545,50,10,2,545,0,20,1,505,100,10,3,2,525,100,15,3,505,0,15,1,545,50,20,2,3,525,0,20,3,545,50,15,2,505,100,10,1,1,505,100,15,1,545,50,15,2,525,0,20,3,3,525,100,20,1,525,50,10,2,505,0,15,3,1,505,0,20,3,525,100,10,1,525,50,10,2,2,545,50,10,2,505,0,10,3,545,100,20,1,2,545,50,15,2,505,100,20,3,525,0,15,1
103,3,3,545,50,10,2,505,0,10,3,545,100,20,1,3,505,0,10,1,525,100,20,3,545,50,15,2,3,545,50,10,2,545,0,20,1,505,100,10,3,2,505,0,20,3,525,100,10,1,525,50,10,2,1,525,100,15,3,505,0,15,1,545,50,20,2,3,525,0,20,3,545,50,15,2,505,100,10,1,3,545,50,15,2,505,100,20,3,525,0,15,1,1,525,100,20,1,525,50,10,2,505,0,15,3,1,505,100,15,1,545,50,15,2,525,0,20,3
104,3,2,505,0,10,1,525,100,20,3,545,50,15,2,2,545,50,15,2,505,100,20,3,525,0,15,1,1,525,100,15,3,505,0,15,1,545,50,20,2,2,525,0,20,3,545,50,15,2,505,100,10,1,1,505,100,15,1,545,50,15,2,525,0,20,3,1,525,100,20,1,525,50,10,2,505,0,15,3,1,505,0,20,3,525,100,10,1,525,50,10,2,3,545,50,10,2,505,0,10,3,545,100,20,1,2,545,50,10,2,545,0,20,1,505,100,10,3
105,1,3,505,0,10,1,525,100,20,3,545,50,15,2,1,545,50,10,2,545,0,20,1,505,100,10,3,1,525,100,15,3,505,0,15,1,545,50,20,2,1,545,50,10,2,505,0,10,3,545,100,20,1,3,505,0,20,3,525,100,10,1,525,50,10,2,3,525,100,20,1,525,50,10,2,505,0,15,3,2,505,100,15,1,545,50,15,2,525,0,20,3,1,525,0,20,3,545,50,15,2,505,100,10,1,1,545,50,15,2,505,100,20,3,525,0,15,1
106,1,2,545,50,15,2,505,100,20,3,525,0,15,1,1,525,100,15,3,505,0,15,1,545,50,20,2,2,525,0,20,3,545,50,15,2,505,100,10,1,1,525,100,20,1,525,50,10,2,505,0,15,3,2,505,0,20,3,525,100,10,1,525,50,10,2,3,545,50,10,2,505,0,10,3,545,100,20,1,2,545,50,10,2,545,0,20,1,505,100,10,3,2,505,0,10,1,525,100,20,3,545,50,15,2,1,505,100,15,1,545,50,15,2,525,0,20,3
107,1,1,505,0,10,1,525,100,20,3,545,50,15,2,3,525,0,20,3,545,50,15,2,505,100,10,1,1,505,100,15,1,545,50,15,2,525,0,20,3,1,525,100,20,1,525,50,10,2,505,0,15,3,2,545,50,10,2,545,0,20,1,505,100,10,3,2,525,100,15,3,505,0,15,1,545,50,20,2,1,545,50,15,2,505,100,20,3,525,0,15,1,3,545,50,10,2,505,0,10,3,545,100,20,1,2,505,0,20,3,525,100,10,1,525,50,10,2
108,2,2,545,50,15,2,505,100,20,3,525,0,15,1,2,505,0,10,1,525,100,20,3,545,50,15,2,2,525,0,20,3,545,50,15,2,505,100,10,1,2,505,100,15,1,545,50,15,2,525,0,20,3,1,525,100,20,1,525,50,10,2,505,0,15,3,2,505,0,20,3,525,100,10,1,525,50,10,2,2,545,50,10,2,545,0,20,1,505,100,10,3,3,525,100,15,3,505,0,15,1,545,50,20,2,3,545,50,10,2,505,0,10,3,545,100,20,1
109,2,2,505,0,20,3,525,100,10,1,525,50,10,2,1,525,100,20,1,525,50,10,2,505,0,15,3,2,505,0,10,1,525,100,20,3,545,50,15,2,3,545,50,10,2,545,0,20,1,505,100,10,3,1,505,100,15,1,545,50,15,2,525,0,20,3,2,545,50,15,2,505,100,20,3,525,0,15,1,1,525,100,15,3,505,0,15,1,545,50,20,2,2,525,0,20,3,545,50,15,2,505,100,10,1,3,545,50,10,2,505,0,10,3,545,100,20,1
110,2,2,545,50,15,2,505,100,20,3,525,0,15,1,2,525,100,15,3,505,0,15,1,545,50,20,2,1,505,100,15,1,545,50,15,2,525,0,20,3,1,525,100,20,1,525,50,10,2,505,0,15,3,1,505,0,20,3,525,100,10,1,525,50,10,2,3,545,50,10,2,505,0,10,3,545,100,20,1,3,545,50,10,2,545,0,20,1,505,100,10,3,2,505,0,10,1,525,100,20,3,545,50,15,2,2,525,0,20,3,545,50,15,2,505,100,10,1
111,2,1,505,100,15,1,545,50,15,2,525,0,20,3,1,525,100,20,1,525,50,10,2,505,0,15,3,3,545,50,10,2,545,0,20,1,505,100,10,3,1,545,50,10,2,505,0,10,3,545,100,20,1,2,505,0,20,3,525,100,10,1,525,50,10,2,2,545,50,15,2,505,100,20,3,525,0,15,1,2,525,100,15,3,505,0,15,1,545,50,20,2,3,525,0,20,3,545,50,15,2,505,100,10,1,1,505,0,10,1,525,100,20,3,545,50,15,2
112,3,2,545,50,15,2,505,100,20,3,525,0,15,1,2,545,50,10,2,545,0,20,1,505,100,10,3,2,505,0,10,1,525,100,20,3,545,50,15,2,3,545,50,10,2,505,0,10,3,545,100,20,1,3,525,100,15,3,505,0,15,1,545,50,20,2,1,525,100,20,1,525,50,10,2,505,0,15,3,3,505,100,15,1,545,50,15,2,525,0,20,3,1,525,0,20,3,545,50,15,2,505,100,10,1,1,505,0,20,3,525,100,10,1,525,50,10,2
113,1,2,545,50,10,2,545,0,20,1,505,100,10,3,2,505,0,10,1,525,100,20,3,545,50,15,2,3,545,50,10,2,505,0,10,3,545,100,20,1,1,505,0,20,3,525,100,10,1,525,50,10,2,3,525,100,20,1,525,50,10,2,505,0,15,3,1,505,100,15,1,545,50,15,2,525,0,20,3,1,525,0,20,3,545,50,15,2,505,100,10,1,2,525,100,15,3,505,0,15,1,545,50,20,2,2,545,50,15,2,505,100,20,3,525,0,15,1
114,1,2,545,50,10,2,545,0,20,1,505,100,10,3,2,505,0,10,1,525,100,20,3,545,50,15,2,1,505,0,20,3,525,100,10,1,525,50,10,2,1,525,100,20,1,525,50,10,2,505,0,15,3,3,545,50,10,2,505,0,10,3,545,100,20,1,1,525,0,20,3,545,50,15,2,505,100,10,1,3,525,100,15,3,505,0,15,1,545,50,20,2,2,545,50,15,2,505,100,20,3,525,0,15,1,3,505,100,15,1,545,50,15,2,525,0,20,3
116,2,3,545,50,10,2,505,0,10,3,545,100,20,1,2,505,0,10,1,525,100,20,3,545,50,15,2,2,545,50,10,2,545,0,20,1,505,100,10,3,1,505,0,20,3,525,100,10,1,525,50,10,2,1,525,100,15,3,505,0,15,1,545,50,20,2,1,505,100,15,1,545,50,15,2,525,0,20,3,1,525,0,20,3,545,50,15,2,505,100,10,1,2,545,50,15,2,505,100,20,3,525,0,15,1,1,525,100,20,1,525,50,10,2,505,0,15,3
117,2,3,545,50,15,2,505,100,20,3,525,0,15,1,2,525,100,15,3,505,0,15,1,545,50,20,2,3,525,0,20,3,545,50,15,2,505,100,10,1,1,505,100,15,1,545,50,15,2,525,0,20,3,3,525,100,20,1,525,50,10,2,505,0,15,3,1,505,0,20,3,525,100,10,1,525,50,10,2,2,545,50,10,2,505,0,10,3,545,100,20,1,3,545,50,10,2,545,0,20,1,505,100,10,3,1,505,0,10,1,525,100,20,3,545,50,15,2
118,2,2,545,50,15,2,505,100,20,3,525,0,15,1,2,545,50,10,2,545,0,20,1,505,100,10,3,1,525,0,20,3,545,50,15,2,505,100,10,1,3,545,50,10,2,505,0,10,3,545,100,20,1,1,505,0,20,3,525,100,10,1,525,50,10,2,3,505,100,15,1,545,50,15,2,525,0,20,3,1,525,100,20,1,525,50,10,2,505,0,15,3,3,525,100,15,3,505,0,15,1,545,50,20,2,2,505,0,10,1,525,100,20,3,545,50,15,2
119,1,2,505,0,10,1,525,100,20,3,545,50,15,2,2,545,50,10,2,545,0,20,1,505,100,10,3,1,505,0,20,3,525,100,10,1,525,50,10,2,3,545,50,10,2,505,0,10,3,545,100,20,1,3,505,100,15,1,545,50,15,2,525,0,20,3,1,525,0,20,3,545,50,15,2,505,100,10,1,3,525,100,15,3,505,0,15,1,545,50,20,2,2,545,50,15,2,505,100,20,3,525,0,15,1,1,525,100,20,1,525,50,10,2,505,0,15,3
120,1,2,545,50,15,2,505,100,20,3,525,0,15,1,1,525,100,15,3,505,0,15,1,545,50,20,2,3,525,0,20,3,545,50,15,2,505,100,10,1,1,505,100,15,1,545,50,15,2,525,0,20,3,3,525,100,20,1,525,50,10,2,505,0,15,3,1,505,0,20,3,525,100,10,1,525,50,10,2,3,545,50,10,2,505,0,10,3,545,100,20,1,2,545,50,10,2,545,0,20,1,505,100,10,3,2,505,0,10,1,525,100,20,3,545,50,15,2
121,1,1,525,0,20,3,545,50,15,2,505,100,10,1,2,545,50,15,2,505,100,20,3,525,0,15,1,2,545,50,10,2,545,0,20,1,505,100,10,3,3,545,50,10,2,505,0,10,3,545,100,20,1,1,505,0,20,3,525,100,10,1,525,50,10,2,1,525,100,20,1,525,50,10,2,505,0,15,3,3,505,100,15,1,545,50,15,2,525,0,20,3,3,525,100,15,3,505,0,15,1,545,50,20,2,2,505,0,10,1,525,100,20,3,545,50,15,2
122,1,2,545,50,15,2,505,100,20,3,525,0,15,1,3,525,100,15,3,505,0,15,1,545,50,20,2,1,505,0,20,3,525,100,10,1,525,50,10,2,3,525,100,20,1,525,50,10,2,505,0,15,3,3,545,50,10,2,505,0,10,3,545,100,20,1,2,545,50,10,2,545,0,20,1,505,100,10,3,2,505,0,10,1,525,100,20,3,545,50,15,2,3,505,100,15,1,545,50,15,2,525,0,20,3,1,525,0,20,3,545,50,15,2,505,100,10,1
123,1,2,505,0,10,1,525,100,20,3,545,50,15,2,2,545,50,15,2,505,100,20,3,525,0,15,1,3,525,100,15,3,505,0,15,1,545,50,20,2,1,525,0,20,3,545,50,15,2,505,100,10,1,1,505,100,15,1,545,50,15,2,525,0,20,3,1,525,100,20,1,525,50,10,2,505,0,15,3,1,505,0,20,3,525,100,10,1,525,50,10,2,3,545,50,10,2,505,0,10,3,545,100,20,1,2,545,50,10,2,545,0,20,1,505,100,10,3
124,1,3,545,50,10,2,505,0,10,3,545,100,20,1,2,505,0,20,3,525,100,10,1,525,50,10,2,1,525,100,20,1,525,50,10,2,505,0,15,3,1,505,100,15,1,545,50,15,2,525,0,20,3,3,545,50,10,2,545,0,20,1,505,100,10,3,3,525,100,15,3,505,0,15,1,545,50,20,2,2,545,50,15,2,505,100,20,3,525,0,15,1,2,505,0,10,1,525,100,20,3,545,50,15,2,3,525,0,20,3,545,50,15,2,505,100,10,1
125,1,2,545,50,15,2,505,100,20,3,525,0,15,1,1,525,100,15,3,505,0,15,1,545,50,20,2,3,525,0,20,3,545,50,15,2,505,100,10,1,1,505,100,15,1,545,50,15,2,525,0,20,3,1,525,100,20,1,525,50,10,2,505,0,15,3,2,505,0,20,3,525,100,10,1,525,50,10,2,3,545,50,10,2,505,0,10,3,545,100,20,1,3,545,50,10,2,545,0,20,1,505,100,10,3,2,505,0,10,1,525,100,20,3,545,50,15,2
126,1,1,505,0,10,1,525,100,20,3,545,50,15,2,3,545,50,10,2,545,0,20,1,505,100,10,3,2,545,50,10,2,505,0,10,3,545,100,20,1,1,505,0,20,3,525,100,10,1,525,50,10,2,3,525,100,20,1,525,50,10,2,505,0,15,3,3,505,100,15,1,545,50,15,2,525,0,20,3,1,525,0,20,3,545,50,15,2,505,100,10,1,2,525,100,15,3,505,0,15,1,545,50,20,2,3,545,50,15,2,505,100,20,3,525,0,15,1
127,1,1,525,0,20,3,545,50,15,2,505,100,10,1,3,545,50,15,2,505,100,20,3,525,0,15,1,3,525,100,20,1,525,50,10,2,505,0,15,3,2,545,50,10,2,505,0,10,3,545,100,20,1,3,545,50,10,2,545,0,20,1,505,100,10,3,1,505,0,10,1,525,100,20,3,545,50,15,2,3,505,100,15,1,545,50,15,2,525,0,20,3,2,525,100,15,3,505,0,15,1,545,50,20,2,1,505,0,20,3,525,100,10,1,525,50,10,2
128,2,2,545,50,10,2,545,0,20,1,505,100,10,3,2,545,50,15,2,505,100,20,3,525,0,15,1,3,525,100,15,3,505,0,15,1,545,50,20,2,2,525,0,20,3,545,50,15,2,505,100,10,1,3,505,100,15,1,545,50,15,2,525,0,20,3,1,525,100,20,1,525,50,10,2,505,0,15,3,1,505,0,20,3,525,100,10,1,525,50,10,2,2,505,0,10,1,525,100,20,3,545,50,15,2,3,545,50,10,2,505,0,10,3,545,100,20,1
129,1,2,545,50,15,2,505,100,20,3,525,0,15,1,3,525,100,15,3,505,0,15,1,545,50,20,2,3,505,100,15,1,545,50,15,2,525,0,20,3,1,525,0,20,3,545,50,15,2,505,100,10,1,1,505,0,20,3,525,100,10,1,525,50,10,2,3,545,50,10,2,505,0,10,3,545,100,20,1,2,505,0,10,1,525,100,20,3,545,50,15,2,1,525,100,20,1,525,50,10,2,505,0,15,3,2,545,50,10,2,545,0,20,1,505,100,10,3
130,1,2,545,50,10,2,545,0,20,1,505,100,10,3,2,505,0,10,1,525,100,20,3,545,50,15,2,1,545,50,15,2,505,100,20,3,525,0,15,1,3,525,100,15,3,505,0,15,1,545,50,20,2,1,525,0,20,3,545,50,15,2,505,100,10,1,3,505,100,15,1,545,50,15,2,525,0,20,3,1,525,100,20,1,525,50,10,2,505,0,15,3,1,505,0,20,3,525,100,10,1,525,50,10,2,3,545,50,10,2,505,0,10,3,545,100,20,1
131,1,2,545,50,10,2,545,0,20,1,505,100,10,3,3,545,50,10,2,505,0,10,3,545,100,20,1,1,505,0,20,3,525,100,10,1,525,50,10,2,2,505,0,10,1,525,100,20,3,545,50,15,2,1,505,100,15,1,545,50,15,2,525,0,20,3,1,525,0,20,3,545,50,15,2,505,100,10,1,2,525,100,15,3,505,0,15,1,545,50,20,2,2,545,50,15,2,505,100,20,3,525,0,15,1,3,525,100,20,1,525,50,10,2,505,0,15,3
132,1,1,505,0,10,1,525,100,20,3,545,50,15,2,3,545,50,10,2,545,0,20,1,505,100,10,3,2,545,50,10,2,505,0,10,3,545,100,20,1,2,505,0,20,3,525,100,10,1,525,50,10,2,1,525,100,20,1,525,50,10,2,505,0,15,3,3,525,0,20,3,545,50,15,2,505,100,10,1,2,525,100,15,3,505,0,15,1,545,50,20,2,3,545,50,15,2,505,100,20,3,525,0,15,1,1,505,100,15,1,545,50,15,2,525,0,20,3
133,1,2,505,0,10,1,525,100,20,3,545,50,15,2,2,545,50,10,2,545,0,20,1,505,100,10,3,1,505,0,20,3,525,100,10,1,525,50,10,2,3,545,50,10,2,505,0,10,3,545,100,20,1,1,505,100,15,1,545,50,15,2,525,0,20,3,1,525,0,20,3,545,50,15,2,505,100,10,1,3,525,100,15,3,505,0,15,1,545,50,20,2,2,545,50,15,2,505,100,20,3,525,0,15,1,1,525,100,20,1,525,50,10,2,505,0,15,3
134,1,2,505,0,10,1,525,100,20,3,545,50,15,2,3,545,50,10,2,545,0,20,1,505,100,10,3,3,505,0,20,3,525,100,10,1,525,50,10,2,3,545,50,10,2,505,0,10,3,545,100,20,1,1,505,100,15,1,545,50,15,2,525,0,20,3,1,525,0,20,3,545,50,15,2,505,100,10,1,3,525,100,15,3,505,0,15,1,545,50,20,2,2,545,50,15,2,505,100,20,3,525,0,15,1,3,525,100,20,1,525,50,10,2,505,0,15,3
135,1,2,545,50,15,2,505,100,20,3,525,0,15,1,1,505,0,20,3,525,100,10,1,525,50,10,2,1,525,0,20,3,545,50,15,2,505,100,10,1,2,505,100,15,1,545,50,15,2,525,0,20,3,2,545,50,10,2,545,0,20,1,505,100,10,3,1,525,100,20,1,525,50,10,2,505,0,15,3,3,545,50,10,2,505,0,10,3,545,100,20,1,2,505,0,10,1,525,100,20,3,545,50,15,2,2,525,100,15,3,505,0,15,1,545,50,20,2
136,1,3,525,100,15,3,505,0,15,1,545,50,20,2,2,545,50,15,2,505,100,20,3,525,0,15,1,3,525,0,20,3,545,50,15,2,505,100,10,1,1,505,100,15,1,545,50,15,2,525,0,20,3,1,525,100,20,1,525,50,10,2,505,0,15,3,2,505,0,20,3,525,100,10,1,525,50,10,2,3,545,50,10,2,505,0,10,3,545,100,20,1,1,545,50,10,2,545,0,20,1,505,100,10,3,3,505,0,10,1,525,100,20,3,545,50,15,2
137,1,2,505,0,10,1,525,100,20,3,545,50,15,2,3,545,50,10,2,545,0,20,1,505,100,10,3,3,545,50,10,2,505,0,10,3,545,100,20,1,1,545,50,15,2,505,100,20,3,525,0,15,1,2,505,0,20,3,525,100,10,1,525,50,10,2,1,525,100,20,1,525,50,10,2,505,0,15,3,1,505,100,15,1,545,50,15,2,525,0,20,3,1,525,100,15,3,505,0,15,1,545,50,20,2,3,525,0,20,3,545,50,15,2,505,100,10,1
138,3,2,545,50,15,2,505,100,20,3,525,0,15,1,3,525,0,20,3,545,50,15,2,505,100,10,1,1,505,100,15,1,545,50,15,2,525,0,20,3,1,525,100,20,1,525,50,10,2,505,0,15,3,1,505,0,20,3,525,100,10,1,525,50,10,2,3,545,50,10,2,505,0,10,3,545,100,20,1,2,545,50,10,2,545,0,20,1,505,100,10,3,2,505,0,10,1,525,100,20,3,545,50,15,2,2,525,100,15,3,505,0,15,1,545,50,20,2
139,3,2,505,0,10,1,525,100,20,3,545,50,15,2,3,545,50,10,2,545,0,20,1,505,100,10,3,3,545,50,10,2,505,0,10,3,545,100,20,1,2,505,0,20,3,525,100,10,1,525,50,10,2,3,525,0,20,3,545,50,15,2,505,100,10,1,1,505,100,15,1,545,50,15,2,525,0,20,3,1,525,100,15,3,505,0,15,1,545,50,20,2,2,545,50,15,2,505,100,20,3,525,0,15,1,1,525,100,20,1,525,50,10,2,505,0,15,3
140,3,3,505,100,15,1,545,50,15,2,525,0,20,3,3,525,0,20,3,545,50,15,2,505,100,10,1,2,545,50,15,2,505,100,20,3,525,0,15,1,2,505,0,10,1,525,100,20,3,545,50,15,2,2,545,50,10,2,545,0,20,1,505,100,10,3,2,545,50,10,2,505,0,10,3,545,100,20,1,1,505,0,20,3,525,100,10,1,525,50,10,2,3,525,100,20,1,525,50,10,2,505,0,15,3,3,525,100,15,3,505,0,15,1,545,50,20,2
141,3,3,525,100,20,1,525,50,10,2,505,0,15,3,1,505,0,10,1,525,100,20,3,545,50,15,2,3,545,50,10,2,545,0,20,1,505,100,10,3,2,545,50,10,2,505,0,10,3,545,100,20,1,3,525,0,20,3,545,50,15,2,505,100,10,1,1,505,100,15,1,545,50,15,2,525,0,20,3,2,545,50,15,2,505,100,20,3,525,0,15,1,2,525,100,15,3,505,0,15,1,545,50,20,2,1,505,0,20,3,525,100,10,1,525,50,10,2
142,3,1,545,50,15,2,505,100,20,3,525,0,15,1,3,525,100,15,3,505,0,15,1,545,50,20,2,2,525,0,20,3,545,50,15,2,505,100,10,1,2,525,100,20,1,525,50,10,2,505,0,15,3,1,505,100,15,1,545,50,15,2,525,0,20,3,1,505,0,20,3,525,100,10,1,525,50,10,2,1,545,50,10,2,505,0,10,3,545,100,20,1,1,545,50,10,2,545,0,20,1,505,100,10,3,3,505,0,10,1,525,100,20,3,545,50,15,2
143,3,1,505,0,20,3,525,100,10,1,525,50,10,2,1,545,50,15,2,505,100,20,3,525,0,15,1,3,525,100,15,3,505,0,15,1,545,50,20,2,2,505,0,10,1,525,100,20,3,545,50,15,2,2,545,50,10,2,545,0,20,1,505,100,10,3,3,545,50,10,2,505,0,10,3,545,100,20,1,2,525,0,20,3,545,50,15,2,505,100,10,1,2,525,100,20,1,525,50,10,2,505,0,15,3,2,505,100,15,1,545,50,15,2,525,0,20,3
144,3,1,505,0,20,3,525,100,10,1,525,50,10,2,2,545,50,15,2,505,100,20,3,525,0,15,1,2,525,100,15,3,505,0,15,1,545,50,20,2,3,525,0,20,3,545,50,15,2,505,100,10,1,1,505,100,15,1,545,50,15,2,525,0,20,3,3,525,100,20,1,525,50,10,2,505,0,15,3,1,505,0,10,1,525,100,20,3,545,50,15,2,3,545,50,10,2,505,0,10,3,545,100,20,1,2,545,50,10,2,545,0,20,1,505,100,10,3
145,3,2,525,100,15,3,505,0,15,1,545,50,20,2,2,545,50,10,2,505,0,10,3,545,100,20,1,2,545,50,15,2,505,100,20,3,525,0,15,1,3,525,0,20,3,545,50,15,2,505,100,10,1,1,505,100,15,1,545,50,15,2,525,0,20,3,3,525,100,20,1,525,50,10,2,505,0,15,3,1,505,0,20,3,525,100,10,1,525,50,10,2,3,545,50,10,2,545,0,20,1,505,100,10,3,1,505,0,10,1,525,100,20,3,545,50,15,2
146,2,3,525,100,15,3,505,0,15,1,545,50,20,2,2,545,50,15,2,505,100,20,3,525,0,15,1,2,525,0,20,3,545,50,15,2,505,100,10,1,1,505,100,15,1,545,50,15,2,525,0,20,3,1,525,100,20,1,525,50,10,2,505,0,15,3,2,505,0,20,3,525,100,10,1,525,50,10,2,3,545,50,10,2,505,0,10,3,545,100,20,1,1,545,50,10,2,545,0,20,1,505,100,10,3,3,505,0,10,1,525,100,20,3,545,50,15,2
147,2,3,545,50,15,2,505,100,20,3,525,0,15,1,2,525,100,15,3,505,0,15,1,545,50,20,2,2,505,0,10,1,525,100,20,3,545,50,15,2,1,525,0,20,3,545,50,15,2,505,100,10,1,2,545,50,10,2,545,0,20,1,505,100,10,3,1,545,50,10,2,505,0,10,3,545,100,20,1,3,505,0,20,3,525,100,10,1,525,50,10,2,2,525,100,20,1,525,50,10,2,505,0,15,3,2,505,100,15,1,545,50,15,2,525,0,20,3
148,3,2,525,100,15,3,505,0,15,1,545,50,20,2,2,545,50,15,2,505,100,20,3,525,0,15,1,2,545,50,10,2,545,0,20,1,505,100,10,3,2,505,0,10,1,525,100,20,3,545,50,15,2,2,505,0,20,3,525,100,10,1,525,50,10,2,1,525,100,20,1,525,50,10,2,505,0,15,3,3,525,0,20,3,545,50,15,2,505,100,10,1,3,545,50,10,2,505,0,10,3,545,100,20,1,3,505,100,15,1,545,50,15,2,525,0,20,3
149,3,3,545,50,15,2,505,100,20,3,525,0,15,1,2,525,100,15,3,505,0,15,1,545,50,20,2,3,525,0,20,3,545,50,15,2,505,100,10,1,1,505,100,15,1,545,50,15,2,525,0,20,3,1,525,100,20,1,525,50,10,2,505,0,15,3,2,505,0,20,3,525,100,10,1,525,50,10,2,3,545,50,10,2,505,0,10,3,545,100,20,1,2,545,50,10,2,545,0,20,1,505,100,10,3,1,505,0,10,1,525,100,20,3,545,50,15,2
150,3,2,545,50,15,2,505,100,20,3,525,0,15,1,3,525,0,20,3,545,50,15,2,505,100,10,1,1,505,100,15,1,545,50,15,2,525,0,20,3,3,525,100,20,1,525,50,10,2,505,0,15,3,1,505,0,20,3,525,100,10,1,525,50,10,2,2,545,50,10,2,505,0,10,3,545,100,20,1,3,545,50,10,2,545,0,20,1,505,100,10,3,1,505,0,10,1,525,100,20,3,545,50,15,2,2,525,100,15,3,505,0,15,1,545,50,20,2
151,3,3,525,100,20,1,525,50,10,2,505,0,15,3,2,545,50,10,2,545,0,20,1,505,100,10,3,2,545,50,10,2,505,0,10,3,545,100,20,1,1,505,0,20,3,525,100,10,1,525,50,10,2,3,525,100,15,3,505,0,15,1,545,50,20,2,3,505,100,15,1,545,50,15,2,525,0,20,3,1,525,0,20,3,545,50,15,2,505,100,10,1,3,505,0,10,1,525,100,20,3,545,50,15,2,2,545,50,15,2,505,100,20,3,525,0,15,1
153,3,2,505,100,15,1,545,50,15,2,525,0,20,3,2,525,0,20,3,545,50,15,2,505,100,10,1,1,505,0,20,3,525,100,10,1,525,50,10,2,1,525,100,20,1,525,50,10,2,505,0,15,3,2,545,50,10,2,545,0,20,1,505,100,10,3,3,505,0,10,1,525,100,20,3,545,50,15,2,3,525,100,15,3,505,0,15,1,545,50,20,2,3,545,50,10,2,505,0,10,3,545,100,20,1,1,545,50,15,2,505,100,20,3,525,0,15,1
154,3,1,505,100,15,1,545,50,15,2,525,0,20,3,2,545,50,15,2,505,100,20,3,525,0,15,1,1,525,100,15,3,505,0,15,1,545,50,20,2,1,525,0,20,3,545,50,15,2,505,100,10,1,1,525,100,20,1,525,50,10,2,505,0,15,3,1,505,0,20,3,525,100,10,1,525,50,10,2,3,545,50,10,2,505,0,10,3,545,100,20,1,2,545,50,10,2,545,0,20,1,505,100,10,3,2,505,0,10,1,525,100,20,3,545,50,15,2
155,3,3,545,50,10,2,505,0,10,3,545,100,20,1,2,505,0,20,3,525,100,10,1,525,50,10,2,1,525,100,20,1,525,50,10,2,505,0,15,3,2,545,50,15,2,505,100,20,3,525,0,15,1,3,525,0,20,3,545,50,15,2,505,100,10,1,3,525,100,15,3,505,0,15,1,545,50,20,2,3,505,0,10,1,525,100,20,3,545,50,15,2,1,505,100,15,1,545,50,15,2,525,0,20,3,1,545,50,10,2,545,0,20,1,505,100,10,3
156,3,2,505,0,10,1,525,100,20,3,545,50,15,2,2,505,100,15,1,545,50,15,2,525,0,20,3,3,545,50,10,2,505,0,10,3,545,100,20,1,1,545,50,10,2,545,0,20,1,505,100,10,3,1,545,50,15,2,505,100,20,3,525,0,15,1,3,525,100,15,3,505,0,15,1,545,50,20,2,2,525,0,20,3,545,50,15,2,505,100,10,1,2,505,0,20,3,525,100,10,1,525,50,10,2,1,525,100,20,1,525,50,10,2,505,0,15,3
157,3,2,545,50,10,2,545,0,20,1,505,100,10,3,1,505,0,20,3,525,100,10,1,525,50,10,2,1,525,100,20,1,525,50,10,2,505,0,15,3,1,505,100,15,1,545,50,15,2,525,0,20,3,3,525,0,20,3,545,50,15,2,505,100,10,1,3,525,100,15,3,505,0,15,1,545,50,20,2,1,545,50,15,2,505,100,20,3,525,0,15,1,3,545,50,10,2,505,0,10,3,545,100,20,1,2,505,0,10,1,525,100,20,3,545,50,15,2
158,3,3,525,0,20,3,545,50,15,2,505,100,10,1,1,505,100,15,1,545,50,15,2,525,0,20,3,3,525,100,20,1,525,50,10,2,505,0,15,3,1,505,0,20,3,525,100,10,1,525,50,10,2,2,545,50,10,2,505,0,10,3,545,100,20,1,3,545,50,10,2,545,0,20,1,505,100,10,3,1,505,0,10,1,525,100,20,3,545,50,15,2,2,525,100,15,3,505,0,15,1,545,50,20,2,2,545,50,15,2,505,100,20,3,525,0,15,1
159,2,3,505,0,10,1,525,100,20,3,545,50,15,2,1,545,50,10,2,545,0,20,1,505,100,10,3,1,545,50,10,2,505,0,10,3,545,100,20,1,1,545,50,15,2,505,100,20,3,525,0,15,1,3,525,100,15,3,505,0,15,1,545,50,20,2,2,525,0,20,3,545,50,15,2,505,100,10,1,2,505,100,15,1,545,50,15,2,525,0,20,3,2,525,100,20,1,525,50,10,2,505,0,15,3,3,505,0,20,3,525,100,10,1,525,50,10,2
160,3,2,545,50,10,2,545,0,20,1,505,100,10,3,3,545,50,10,2,505,0,10,3,545,100,20,1,1,505,0,20,3,525,100,10,1,525,50,10,2,1,525,100,20,1,525,50,10,2,505,0,15,3,2,525,0,20,3,545,50,15,2,505,100,10,1,2,505,0,10,1,525,100,20,3,545,50,15,2,2,545,50,15,2,505,100,20,3,525,0,15,1,3,505,100,15,1,545,50,15,2,525,0,20,3,3,525,100,15,3,505,0,15,1,545,50,20,2
161,3,2,545,50,10,2,545,0,20,1,505,100,10,3,2,505,0,10,1,525,100,20,3,545,50,15,2,3,545,50,10,2,505,0,10,3,545,100,20,1,1,505,0,20,3,525,100,10,1,525,50,10,2,2,545,50,15,2,505,100,20,3,525,0,15,1,1,505,100,15,1,545,50,15,2,525,0,20,3,1,525,0,20,3,545,50,15,2,505,100,10,1,1,525,100,15,3,505,0,15,1,545,50,20,2,1,525,100,20,1,525,50,10,2,505,0,15,3
162,3,2,505,0,10,1,525,100,20,3,545,50,15,2,3,545,50,10,2,545,0,20,1,505,100,10,3,3,545,50,10,2,505,0,10,3,545,100,20,1,2,505,0,20,3,525,100,10,1,525,50,10,2,1,525,100,20,1,525,50,10,2,505,0,15,3,1,505,100,15,1,545,50,15,2,525,0,20,3,2,525,0,20,3,545,50,15,2,505,100,10,1,1,525,100,15,3,505,0,15,1,545,50,20,2,2,545,50,15,2,505,100,20,3,525,0,15,1
163,3,3,545,50,10,2,545,0,20,1,505,100,10,3,2,505,0,10,1,525,100,20,3,545,50,15,2,2,505,0,20,3,525,100,10,1,525,50,10,2,1,525,100,20,1,525,50,10,2,505,0,15,3,3,545,50,10,2,505,0,10,3,545,100,20,1,3,525,0,20,3,545,50,15,2,505,100,10,1,1,525,100,15,3,505,0,15,1,545,50,20,2,2,545,50,15,2,505,100,20,3,525,0,15,1,1,505,100,15,1,545,50,15,2,525,0,20,3
164,3,2,505,0,10,1,525,100,20,3,545,50,15,2,3,545,50,10,2,545,0,20,1,505,100,10,3,2,505,0,20,3,525,100,10,1,525,50,10,2,1,525,100,20,1,525,50,10,2,505,0,15,3,3,545,50,10,2,505,0,10,3,545,100,20,1,3,525,0,20,3,545,50,15,2,505,100,10,1,1,525,100,15,3,505,0,15,1,545,50,20,2,2,545,50,15,2,505,100,20,3,525,0,15,1,1,505,100,15,1,545,50,15,2,525,0,20,3
165,3,3,545,50,10,2,545,0,20,1,505,100,10,3,2,545,50,15,2,505,100,20,3,525,0,15,1,1,525,100,15,3,505,0,15,1,545,50,20,2,3,525,0,20,3,545,50,15,2,505,100,10,1,1,505,100,15,1,545,50,15,2,525,0,20,3,1,525,100,20,1,525,50,10,2,505,0,15,3,2,505,0,20,3,525,100,10,1,525,50,10,2,3,545,50,10,2,505,0,10,3,545,100,20,1,2,505,0,10,1,525,100,20,3,545,50,15,2
166,3,2,505,100,15,1,545,50,15,2,525,0,20,3,3,525,100,15,3,505,0,15,1,545,50,20,2,1,525,0,20,3,545,50,15,2,505,100,10,1,2,545,50,15,2,505,100,20,3,525,0,15,1,2,525,100,20,1,525,50,10,2,505,0,15,3,2,505,0,20,3,525,100,10,1,525,50,10,2,3,545,50,10,2,505,0,10,3,545,100,20,1,3,545,50,10,2,545,0,20,1,505,100,10,3,2,505,0,10,1,525,100,20,3,545,50,15,2
167,3,3,505,0,10,1,525,100,20,3,545,50,15,2,2,545,50,10,2,545,0,20,1,505,100,10,3,1,505,0,20,3,525,100,10,1,525,50,10,2,1,525,100,20,1,525,50,10,2,505,0,15,3,3,545,50,10,2,505,0,10,3,545,100,20,1,2,525,0,20,3,545,50,15,2,505,100,10,1,1,525,100,15,3,505,0,15,1,545,50,20,2,2,545,50,15,2,505,100,20,3,525,0,15,1,1,505,100,15,1,545,50,15,2,525,0,20,3
168,3,3,505,0,10,1,525,100,20,3,545,50,15,2,2,545,50,10,2,545,0,20,1,505,100,10,3,3,545,50,10,2,505,0,10,3,545,100,20,1,1,505,0,20,3,525,100,10,1,525,50,10,2,1,525,100,20,1,525,50,10,2,505,0,15,3,2,525,0,20,3,545,50,15,2,505,100,10,1,1,525,100,15,3,505,0,15,1,545,50,20,2,2,545,50,15,2,505,100,20,3,525,0,15,1,1,505,100,15,1,545,50,15,2,525,0,20,3
169,3,3,545,50,10,2,505,0,10,3,545,100,20,1,2,505,0,10,1,525,100,20,3,545,50,15,2,3,545,50,10,2,545,0,20,1,505,100,10,3,2,505,0,20,3,525,100,10,1,525,50,10,2,1,505,100,15,1,545,50,15,2,525,0,20,3,3,525,0,20,3,545,50,15,2,505,100,10,1,1,525,100,15,3,505,0,15,1,545,50,20,2,3,545,50,15,2,505,100,20,3,525,0,15,1,1,525,100,20,1,525,50,10,2,505,0,15,3
170,1,1,505,0,10,1,525,100,20,3,545,50,15,2,1,545,50,10,2,545,0,20,1,505,100,10,3,3,545,50,10,2,505,0,10,3,545,100,20,1,2,505,0,20,3,525,100,10,1,525,50,10,2,1,525,100,20,1,525,50,10,2,505,0,15,3,1,505,100,15,1,545,50,15,2,525,0,20,3,3,525,0,20,3,545,50,15,2,505,100,10,1,2,525,100,15,3,505,0,15,1,545,50,20,2,2,545,50,15,2,505,100,20,3,525,0,15,1
171,1,1,525,100,15,3,505,0,15,1,545,50,20,2,3,525,0,20,3,545,50,15,2,505,100,10,1,1,505,100,15,1,545,50,15,2,525,0,20,3,2,505,0,20,3,525,100,10,1,525,50,10,2,2,545,50,10,2,505,0,10,3,545,100,20,1,3,545,50,10,2,545,0,20,1,505,100,10,3,1,505,0,10,1,525,100,20,3,545,50,15,2,1,525,100,20,1,525,50,10,2,505,0,15,3,2,545,50,15,2,505,100,20,3,525,0,15,1
172,1,1,505,0,20,3,525,100,10,1,525,50,10,2,2,545,50,15,2,505,100,20,3,525,0,15,1,2,525,100,15,3,505,0,15,1,545,50,20,2,1,525,0,20,3,545,50,15,2,505,100,10,1,2,505,0,10,1,525,100,20,3,545,50,15,2,2,545,50,10,2,545,0,20,1,505,100,10,3,3,545,50,10,2,505,0,10,3,545,100,20,1,1,505,100,15,1,545,50,15,2,525,0,20,3,1,525,100,20,1,525,50,10,2,505,0,15,3
173,1,2,545,50,15,2,505,100,20,3,525,0,15,1,2,525,100,15,3,505,0,15,1,545,50,20,2,3,525,0,20,3,545,50,15,2,505,100,10,1,1,505,0,10,1,525,100,20,3,545,50,15,2,1,505,100,15,1,545,50,15,2,525,0,20,3,2,545,50,10,2,505,0,10,3,545,100,20,1,2,505,0,20,3,525,100,10,1,525,50,10,2,1,525,100,20,1,525,50,10,2,505,0,15,3,3,545,50,10,2,545,0,20,1,505,100,10,3
174,1,2,545,50,15,2,505,100,20,3,525,0,15,1,2,525,0,20,3,545,50,15,2,505,100,10,1,1,525,100,20,1,525,50,10,2,505,0,15,3,2,505,0,20,3,525,100,10,1,525,50,10,2,3,545,50,10,2,505,0,10,3,545,100,20,1,3,545,50,10,2,545,0,20,1,505,100,10,3,2,505,0,10,1,525,100,20,3,545,50,15,2,1,505,100,15,1,545,50,15,2,525,0,20,3,2,525,100,15,3,505,0,15,1,545,50,20,2
175,1,1,505,0,20,3,525,100,10,1,525,50,10,2,1,525,0,20,3,545,50,15,2,505,100,10,1,1,505,100,15,1,545,50,15,2,525,0,20,3,3,525,100,20,1,525,50,10,2,505,0,15,3,3,545,50,10,2,505,0,10,3,545,100,20,1,2,545,50,10,2,545,0,20,1,505,100,10,3,2,505,0,10,1,525,100,20,3,545,50,15,2,2,525,100,15,3,505,0,15,1,545,50,20,2,2,545,50,15,2,505,100,20,3,525,0,15,1
176,1,1,505,0,20,3,525,100,10,1,525,50,10,2,2,545,50,15,2,505,100,20,3,525,0,15,1,2,525,100,15,3,505,0,15,1,545,50,20,2,1,525,0,20,3,545,50,15,2,505,100,10,1,1,505,100,15,1,545,50,15,2,525,0,20,3,3,525,100,20,1,525,50,10,2,505,0,15,3,3,545,50,10,2,505,0,10,3,545,100,20,1,2,545,50,10,2,545,0,20,1,505,100,10,3,2,505,0,10,1,525,100,20,3,545,50,15,2
177,1,1,505,0,10,1,525,100,20,3,545,50,15,2,3,525,100,15,3,505,0,15,1,545,50,20,2,1,525,0,20,3,545,50,15,2,505,100,10,1,1,505,100,15,1,545,50,15,2,525,0,20,3,3,525,100,20,1,525,50,10,2,505,0,15,3,1,505,0,20,3,525,100,10,1,525,50,10,2,2,545,50,10,2,505,0,10,3,545,100,20,1,3,545,50,10,2,545,0,20,1,505,100,10,3,2,545,50,15,2,505,100,20,3,525,0,15,1
178,1,2,545,50,15,2,505,100,20,3,525,0,15,1,3,525,0,20,3,545,50,15,2,505,100,10,1,1,505,100,15,1,545,50,15,2,525,0,20,3,3,525,100,20,1,525,50,10,2,505,0,15,3,2,545,50,10,2,505,0,10,3,545,100,20,1,3,545,50,10,2,545,0,20,1,505,100,10,3,1,505,0,10,1,525,100,20,3,545,50,15,2,2,525,100,15,3,505,0,15,1,545,50,20,2,1,505,0,20,3,525,100,10,1,525,50,10,2
179,1,3,545,50,10,2,545,0,20,1,505,100,10,3,2,545,50,10,2,505,0,10,3,545,100,20,1,2,505,0,20,3,525,100,10,1,525,50,10,2,1,525,100,20,1,525,50,10,2,505,0,15,3,1,505,100,15,1,545,50,15,2,525,0,20,3,1,505,0,10,1,525,100,20,3,545,50,15,2,2,525,100,15,3,505,0,15,1,545,50,20,2,2,545,50,15,2,505,100,20,3,525,0,15,1,3,525,0,20,3,545,50,15,2,505,100,10,1
180,1,2,505,0,10,1,525,100,20,3,545,50,15,2,3,525,0,20,3,545,50,15,2,505,100,10,1,2,545,50,15,2,505,100,20,3,525,0,15,1,1,525,100,20,1,525,50,10,2,505,0,15,3,2,505,0,20,3,525,100,10,1,525,50,10,2,3,545,50,10,2,505,0,10,3,545,100,20,1,3,545,50,10,2,545,0,20,1,505,100,10,3,1,525,100,15,3,505,0,15,1,545,50,20,2,1,505,100,15,1,545,50,15,2,525,0,20,3
181,1,1,505,100,15,1,545,50,15,2,525,0,20,3,2,545,50,15,2,505,100,20,3,525,0,15,1,3,525,100,15,3,505,0,15,1,545,50,20,2,1,525,0,20,3,545,50,15,2,505,100,10,1,1,525,100,20,1,525,50,10,2,505,0,15,3,1,505,0,20,3,525,100,10,1,525,50,10,2,3,545,50,10,2,505,0,10,3,545,100,20,1,2,505,0,10,1,525,100,20,3,545,50,15,2,2,545,50,10,2,545,0,20,1,505,100,10,3
182,1,2,505,0,10,1,525,100,20,3,545,50,15,2,2,545,50,10,2,545,0,20,1,505,100,10,3,2,525,100,15,3,505,0,15,1,545,50,20,2,2,545,50,15,2,505,100,20,3,525,0,15,1,3,545,50,10,2,505,0,10,3,545,100,20,1,1,505,0,20,3,525,100,10,1,525,50,10,2,1,505,100,15,1,545,50,15,2,525,0,20,3,1,525,0,20,3,545,50,15,2,505,100,10,1,1,525,100,20,1,525,50,10,2,505,0,15,3
183,1,2,545,50,15,2,505,100,20,3,525,0,15,1,2,525,100,15,3,505,0,15,1,545,50,20,2,3,525,0,20,3,545,50,15,2,505,100,10,1,1,525,100,20,1,525,50,10,2,505,0,15,3,2,505,0,20,3,525,100,10,1,525,50,10,2,2,545,50,10,2,505,0,10,3,545,100,20,1,3,545,50,10,2,545,0,20,1,505,100,10,3,1,505,0,10,1,525,100,20,3,545,50,15,2,1,505,100,15,1,545,50,15,2,525,0,20,3
184,1,3,545,50,10,2,545,0,20,1,505,100,10,3,2,505,0,10,1,525,100,20,3,545,50,15,2,2,545,50,15,2,505,100,20,3,525,0,15,1,1,505,0,20,3,525,100,10,1,525,50,10,2,1,525,100,20,1,525,50,10,2,505,0,15,3,3,545,50,10,2,505,0,10,3,545,100,20,1,3,525,0,20,3,545,50,15,2,505,100,10,1,2,525,100,15,3,505,0,15,1,545,50,20,2,1,505,100,15,1,545,50,15,2,525,0,20,3
185,1,2,545,50,15,2,505,100,20,3,525,0,15,1,2,525,100,15,3,505,0,15,1,545,50,20,2,1,525,0,20,3,545,50,15,2,505,100,10,1,3,525,100,20,1,525,50,10,2,505,0,15,3,1,505,0,20,3,525,100,10,1,525,50,10,2,2,545,50,10,2,505,0,10,3,545,100,20,1,3,545,50,10,2,545,0,20,1,505,100,10,3,2,505,0,10,1,525,100,20,3,545,50,15,2,1,505,100,15,1,545,50,15,2,525,0,20,3
186,1,1,505,0,20,3,525,100,10,1,525,50,10,2,3,545,50,10,2,545,0,20,1,505,100,10,3,2,545,50,10,2,505,0,10,3,545,100,20,1,2,525,100,15,3,505,0,15,1,545,50,20,2,1,505,100,15,1,545,50,15,2,525,0,20,3,3,525,0,20,3,545,50,15,2,505,100,10,1,1,505,0,10,1,525,100,20,3,545,50,15,2,2,545,50,15,2,505,100,20,3,525,0,15,1,3,525,100,20,1,525,50,10,2,505,0,15,3
187,1,1,505,0,10,1,525,100,20,3,545,50,15,2,3,545,50,10,2,545,0,20,1,505,100,10,3,2,545,50,10,2,505,0,10,3,545,100,20,1,1,505,0,20,3,525,100,10,1,525,50,10,2,1,525,100,20,1,525,50,10,2,505,0,15,3,1,505,100,15,1,545,50,15,2,525,0,20,3,3,525,0,20,3,545,50,15,2,505,100,10,1,1,525,100,15,3,505,0,15,1,545,50,20,2,2,545,50,15,2,505,100,20,3,525,0,15,1
188,1,2,505,0,10,1,525,100,20,3,545,50,15,2,2,545,50,15,2,505,100,20,3,525,0,15,1,3,545,50,10,2,505,0,10,3,545,100,20,1,1,505,0,20,3,525,100,10,1,525,50,10,2,1,525,100,20,1,525,50,10,2,505,0,15,3,2,545,50,10,2,545,0,20,1,505,100,10,3,3,525,0,20,3,545,50,15,2,505,100,10,1,1,525,100,15,3,505,0,15,1,545,50,20,2,1,505,100,15,1,545,50,15,2,525,0,20,3
189,1,1,505,0,20,3,525,100,10,1,525,50,10,2,3,545,50,10,2,505,0,10,3,545,100,20,1,2,545,50,10,2,545,0,20,1,505,100,10,3,2,505,0,10,1,525,100,20,3,545,50,15,2,3,545,50,15,2,505,100,20,3,525,0,15,1,1,505,100,15,1,545,50,15,2,525,0,20,3,3,525,100,15,3,505,0,15,1,545,50,20,2,1,525,100,20,1,525,50,10,2,505,0,15,3,2,525,0,20,3,545,50,15,2,505,100,10,1
190,1,2,505,0,10,1,525,100,20,3,545,50,15,2,2,545,50,10,2,545,0,20,1,505,100,10,3,3,545,50,10,2,505,0,10,3,545,100,20,1,1,505,0,20,3,525,100,10,1,525,50,10,2,3,525,100,20,1,525,50,10,2,505,0,15,3,1,505,100,15,1,545,50,15,2,525,0,20,3,1,525,0,20,3,545,50,15,2,505,100,10,1,2,545,50,15,2,505,100,20,3,525,0,15,1,2,525,100,15,3,505,0,15,1,545,50,20,2
191,2,1,505,0,10,1,525,100,20,3,545,50,15,2,3,545,50,10,2,545,0,20,1,505,100,10,3,2,545,50,10,2,505,0,10,3,545,100,20,1,2,505,0,20,3,525,100,10,1,525,50,10,2,3,525,100,20,1,525,50,10,2,505,0,15,3,3,505,100,15,1,545,50,15,2,525,0,20,3,1,525,0,20,3,545,50,15,2,505,100,10,1,3,525,100,15,3,505,0,15,1,545,50,20,2,2,545,50,15,2,505,100,20,3,525,0,15,1
192,2,2,525,100,15,3,505,0,15,1,545,50,20,2,2,505,0,10,1,525,100,20,3,545,50,15,2,3,545,50,10,2,545,0,20,1,505,100,10,3,1,505,100,15,1,545,50,15,2,525,0,20,3,2,505,0,20,3,525,100,10,1,525,50,10,2,1,525,100,20,1,525,50,10,2,505,0,15,3,2,545,50,15,2,505,100,20,3,525,0,15,1,2,545,50,10,2,505,0,10,3,545,100,20,1,3,525,0,20,3,545,50,15,2,505,100,10,1
193,2,2,505,0,10,1,525,100,20,3,545,50,15,2,3,545,50,10,2,545,0,20,1,505,100,10,3,2,545,50,10,2,505,0,10,3,545,100,20,1,1,505,100,15,1,545,50,15,2,525,0,20,3,2,545,50,15,2,505,100,20,3,525,0,15,1,2,525,100,15,3,505,0,15,1,545,50,20,2,2,505,0,20,3,525,100,10,1,525,50,10,2,1,525,100,20,1,525,50,10,2,505,0,15,3,3,525,0,20,3,545,50,15,2,505,100,10,1
194,2,1,505,100,15,1,545,50,15,2,525,0,20,3,1,525,0,20,3,545,50,15,2,505,100,10,1,2,525,100,15,3,505,0,15,1,545,50,20,2,2,505,0,10,1,525,100,20,3,545,50,15,2,2,545,50,15,2,505,100,20,3,525,0,15,1,3,545,50,10,2,505,0,10,3,545,100,20,1,1,505,0,20,3,525,100,10,1,525,50,10,2,1,525,100,20,1,525,50,10,2,505,0,15,3,3,545,50,10,2,545,0,20,1,505,100,10,3
195,2,2,545,50,15,2,505,100,20,3,525,0,15,1,1,525,100,15,3,505,0,15,1,545,50,20,2,1,525,0,20,3,545,50,15,2,505,100,10,1,1,505,100,15,1,545,50,15,2,525,0,20,3,1,505,0,20,3,525,100,10,1,525,50,10,2,3,545,50,10,2,505,0,10,3,545,100,20,1,2,545,50,10,2,545,0,20,1,505,100,10,3,2,505,0,10,1,525,100,20,3,545,50,15,2,1,525,100,20,1,525,50,10,2,505,0,15,3
196,2,2,545,50,10,2,505,0,10,3,545,100,20,1,2,505,0,10,1,525,100,20,3,545,50,15,2,3,545,50,10,2,545,0,20,1,505,100,10,3,1,505,100,15,1,545,50,15,2,525,0,20,3,3,525,100,20,1,525,50,10,2,505,0,15,3,1,525,0,20,3,545,50,15,2,505,100,10,1,2,525,100,15,3,505,0,15,1,545,50,20,2,1,505,0,20,3,525,100,10,1,525,50,10,2,2,545,50,15,2,505,100,20,3,525,0,15,1
197,2,2,545,50,15,2,505,100,20,3,525,0,15,1,2,525,100,15,3,505,0,15,1,545,50,20,2,3,525,0,20,3,545,50,15,2,505,100,10,1,1,505,100,15,1,545,50,15,2,525,0,20,3,3,525,100,20,1,525,50,10,2,505,0,15,3,1,505,0,20,3,525,100,10,1,525,50,10,2,2,545,50,10,2,505,0,10,3,545,100,20,1,3,545,50,10,2,545,0,20,1,505,100,10,3,1,505,0,10,1,525,100,20,3,545,50,15,2
198,2,2,525,100,15,3,505,0,15,1,545,50,20,2,1,505,100,15,1,545,50,15,2,525,0,20,3,3,525,100,20,1,525,50,10,2,505,0,15,3,1,505,0,20,3,525,100,10,1,525,50,10,2,2,545,50,10,2,505,0,10,3,545,100,20,1,3,545,50,10,2,545,0,20,1,505,100,10,3,1,505,0,10,1,525,100,20,3,545,50,15,2,1,525,0,20,3,545,50,15,2,505,100,10,1,2,545,50,15,2,505,100,20,3,525,0,15,1
199,3,3,545,50,10,2,545,0,20,1,505,100,10,3,1,505,0,20,3,525,100,10,1,525,50,10,2,1,525,100,20,1,525,50,10,2,505,0,15,3,3,505,100,15,1,545,50,15,2,525,0,20,3,1,525,0,20,3,545,50,15,2,505,100,10,1,2,525,100,15,3,505,0,15,1,545,50,20,2,3,545,50,10,2,505,0,10,3,545,100,20,1,2,545,50,15,2,505,100,20,3,525,0,15,1,2,505,0,10,1,525,100,20,3,545,50,15,2
200,3,2,525,100,15,3,505,0,15,1,545,50,20,2,1,505,100,15,1,545,50,15,2,525,0,20,3,1,505,0,20,3,525,100,10,1,525,50,10,2,3,545,50,10,2,505,0,10,3,545,100,20,1,3,545,50,10,2,545,0,20,1,505,100,10,3,2,505,0,10,1,525,100,20,3,545,50,15,2,2,545,50,15,2,505,100,20,3,525,0,15,1,1,525,0,20,3,545,50,15,2,505,100,10,1,1,525,100,20,1,525,50,10,2,505,0,15,3
201,3,3,545,50,10,2,545,0,20,1,505,100,10,3,2,545,50,15,2,505,100,20,3,525,0,15,1,1,525,100,15,3,505,0,15,1,545,50,20,2,1,525,0,20,3,545,50,15,2,505,100,10,1,1,505,100,15,1,545,50,15,2,525,0,20,3,1,505,0,20,3,525,100,10,1,525,50,10,2,3,545,50,10,2,505,0,10,3,545,100,20,1,2,505,0,10,1,525,100,20,3,545,50,15,2,1,525,100,20,1,525,50,10,2,505,0,15,3
202,3,3,545,50,10,2,545,0,20,1,505,100,10,3,1,505,0,10,1,525,100,20,3,545,50,15,2,2,545,50,10,2,505,0,10,3,545,100,20,1,1,505,0,20,3,525,100,10,1,525,50,10,2,3,525,100,20,1,525,50,10,2,505,0,15,3,1,505,100,15,1,545,50,15,2,525,0,20,3,3,525,0,20,3,545,50,15,2,505,100,10,1,2,545,50,15,2,505,100,20,3,525,0,15,1,2,525,100,15,3,505,0,15,1,545,50,20,2
203,3,2,525,100,15,3,505,0,15,1,545,50,20,2,2,545,50,15,2,505,100,20,3,525,0,15,1,1,505,100,15,1,545,50,15,2,525,0,20,3,3,525,100,20,1,525,50,10,2,505,0,15,3,1,505,0,20,3,525,100,10,1,525,50,10,2,3,545,50,10,2,505,0,10,3,545,100,20,1,2,545,50,10,2,545,0,20,1,505,100,10,3,1,525,0,20,3,545,50,15,2,505,100,10,1,2,505,0,10,1,525,100,20,3,545,50,15,2
204,3,2,505,0,10,1,525,100,20,3,545,50,15,2,1,525,0,20,3,545,50,15,2,505,100,10,1,1,505,100,15,1,545,50,15,2,525,0,20,3,1,525,100,20,1,525,50,10,2,505,0,15,3,2,505,0,20,3,525,100,10,1,525,50,10,2,2,545,50,10,2,505,0,10,3,545,100,20,1,3,545,50,10,2,545,0,20,1,505,100,10,3,3,525,100,15,3,505,0,15,1,545,50,20,2,2,545,50,15,2,505,100,20,3,525,0,15,1
205,3,1,505,0,20,3,525,100,10,1,525,50,10,2,2,545,50,15,2,505,100,20,3,525,0,15,1,2,525,100,15,3,505,0,15,1,545,50,20,2,3,525,0,20,3,545,50,15,2,505,100,10,1,1,505,100,15,1,545,50,15,2,525,0,20,3,3,525,100,20,1,525,50,10,2,505,0,15,3,2,545,50,10,2,505,0,10,3,545,100,20,1,3,545,50,10,2,545,0,20,1,505,100,10,3,1,505,0,10,1,525,100,20,3,545,50,15,2
206,3,2,505,0,10,1,525,100,20,3,545,50,15,2,2,525,100,15,3,505,0,15,1,545,50,20,2,1,525,0,20,3,545,50,15,2,505,100,10,1,1,505,100,15,1,545,50,15,2,525,0,20,3,1,525,100,20,1,525,50,10,2,505,0,15,3,1,505,0,20,3,525,100,10,1,525,50,10,2,3,545,50,10,2,505,0,10,3,545,100,20,1,2,545,50,10,2,545,0,20,1,505,100,10,3,2,545,50,15,2,505,100,20,3,525,0,15,1
207,3,3,525,0,20,3,545,50,15,2,505,100,10,1,1,505,0,10,1,525,100,20,3,545,50,15,2,3,545,50,10,2,545,0,20,1,505,100,10,3,1,505,100,15,1,545,50,15,2,525,0,20,3,1,505,0,20,3,525,100,10,1,525,50,10,2,3,525,100,20,1,525,50,10,2,505,0,15,3,2,525,100,15,3,505,0,15,1,545,50,20,2,2,545,50,10,2,505,0,10,3,545,100,20,1,2,545,50,15,2,505,100,20,3,525,0,15,1
208,2,2,545,50,15,2,505,100,20,3,525,0,15,1,2,505,0,10,1,525,100,20,3,545,50,15,2,2,525,100,15,3,505,0,15,1,545,50,20,2,1,525,0,20,3,545,50,15,2,505,100,10,1,3,505,100,15,1,545,50,15,2,525,0,20,3,2,545,50,10,2,545,0,20,1,505,100,10,3,1,505,0,20,3,525,100,10,1,525,50,10,2,3,545,50,10,2,505,0,10,3,545,100,20,1,3,525,100,20,1,525,50,10,2,505,0,15,3
209,3,2,545,50,15,2,505,100,20,3,525,0,15,1,2,525,100,15,3,505,0,15,1,545,50,20,2,3,525,0,20,3,545,50,15,2,505,100,10,1,1,505,100,15,1,545,50,15,2,525,0,20,3,3,525,100,20,1,525,50,10,2,505,0,15,3,1,505,0,20,3,525,100,10,1,525,50,10,2,2,545,50,10,2,505,0,10,3,545,100,20,1,3,545,50,10,2,545,0,20,1,505,100,10,3,1,505,0,10,1,525,100,20,3,545,50,15,2
210,3,3,505,0,10,1,525,100,20,3,545,50,15,2,3,545,50,10,2,545,0,20,1,505,100,10,3,3,545,50,10,2,505,0,10,3,545,100,20,1,2,505,0,20,3,525,100,10,1,525,50,10,2,1,505,100,15,1,545,50,15,2,525,0,20,3,3,525,0,20,3,545,50,15,2,505,100,10,1,2,545,50,15,2,505,100,20,3,525,0,15,1,1,525,100,20,1,525,50,10,2,505,0,15,3,1,525,100,15,3,505,0,15,1,545,50,20,2
211,3,2,505,0,10,1,525,100,20,3,545,50,15,2,2,545,50,15,2,505,100,20,3,525,0,15,1,1,525,100,15,3,505,0,15,1,545,50,20,2,3,525,0,20,3,545,50,15,2,505,100,10,1,1,505,100,15,1,545,50,15,2,525,0,20,3,1,525,100,20,1,525,50,10,2,505,0,15,3,2,505,0,20,3,525,100,10,1,525,50,10,2,3,545,50,10,2,505,0,10,3,545,100,20,1,3,545,50,10,2,545,0,20,1,505,100,10,3
212,3,3,545,50,15,2,505,100,20,3,525,0,15,1,3,525,0,20,3,545,50,15,2,505,100,10,1,1,505,100,15,1,545,50,15,2,525,0,20,3,1,525,100,20,1,525,50,10,2,505,0,15,3,2,505,0,20,3,525,100,10,1,525,50,10,2,2,545,50,10,2,505,0,10,3,545,100,20,1,3,545,50,10,2,545,0,20,1,505,100,10,3,1,505,0,10,1,525,100,20,3,545,50,15,2,2,525,100,15,3,505,0,15,1,545,50,20,2
213,3,1,505,0,10,1,525,100,20,3,545,50,15,2,3,545,50,10,2,545,0,20,1,505,100,10,3,2,545,50,10,2,505,0,10,3,545,100,20,1,1,505,0,20,3,525,100,10,1,525,50,10,2,3,525,0,20,3,545,50,15,2,505,100,10,1,1,505,100,15,1,545,50,15,2,525,0,20,3,2,525,100,15,3,505,0,15,1,545,50,20,2,2,545,50,15,2,505,100,20,3,525,0,15,1,3,525,100,20,1,525,50,10,2,505,0,15,3
214,3,3,545,50,10,2,545,0,20,1,505,100,10,3,1,505,0,10,1,525,100,20,3,545,50,15,2,2,545,50,10,2,505,0,10,3,545,100,20,1,2,525,100,15,3,505,0,15,1,545,50,20,2,1,525,100,20,1,525,50,10,2,505,0,15,3,1,505,100,15,1,545,50,15,2,525,0,20,3,3,525,0,20,3,545,50,15,2,505,100,10,1,2,505,0,20,3,525,100,10,1,525,50,10,2,3,545,50,15,2,505,100,20,3,525,0,15,1
215,3,2,545,50,15,2,505,100,20,3,525,0,15,1,2,525,100,15,3,505,0,15,1,545,50,20,2,3,525,0,20,3,545,50,15,2,505,100,10,1,1,505,100,15,1,545,50,15,2,525,0,20,3,1,505,0,20,3,525,100,10,1,525,50,10,2,2,545,50,10,2,505,0,10,3,545,100,20,1,3,545,50,10,2,545,0,20,1,505,100,10,3,1,505,0,10,1,525,100,20,3,545,50,15,2,3,525,100,20,1,525,50,10,2,505,0,15,3
216,3,2,545,50,15,2,505,100,20,3,525,0,15,1,2,525,100,15,3,505,0,15,1,545,50,20,2,3,525,0,20,3,545,50,15,2,505,100,10,1,1,505,100,15,1,545,50,15,2,525,0,20,3,3,525,100,20,1,525,50,10,2,505,0,15,3,1,505,0,20,3,525,100,10,1,525,50,10,2,2,545,50,10,2,505,0,10,3,545,100,20,1,3,545,50,10,2,545,0,20,1,505,100,10,3,1,505,0,10,1,525,100,20,3,545,50,15,2
217,3,1,505,0,10,1,525,100,20,3,545,50,15,2,3,545,50,10,2,505,0,10,3,545,100,20,1,2,505,0,20,3,525,100,10,1,525,50,10,2,1,525,100,20,1,525,50,10,2,505,0,15,3,3,545,50,10,2,545,0,20,1,505,100,10,3,3,525,0,20,3,545,50,15,2,505,100,10,1,2,525,100,15,3,505,0,15,1,545,50,20,2,3,545,50,15,2,505,100,20,3,525,0,15,1,1,505,100,15,1,545,50,15,2,525,0,20,3
218,3,2,505,0,10,1,525,100,20,3,545,50,15,2,3,545,50,10,2,545,0,20,1,505,100,10,3,1,505,0,20,3,525,100,10,1,525,50,10,2,1,525,100,20,1,525,50,10,2,505,0,15,3,3,545,50,10,2,505,0,10,3,545,100,20,1,1,525,0,20,3,545,50,15,2,505,100,10,1,2,525,100,15,3,505,0,15,1,545,50,20,2,2,545,50,15,2,505,100,20,3,525,0,15,1,1,505,100,15,1,545,50,15,2,525,0,20,3
219,3,1,545,50,10,2,545,0,20,1,505,100,10,3,2,545,50,15,2,505,100,20,3,525,0,15,1,3,525,100,15,3,505,0,15,1,545,50,20,2,2,525,0,20,3,545,50,15,2,505,100,10,1,3,505,100,15,1,545,50,15,2,525,0,20,3,2,525,100,20,1,525,50,10,2,505,0,15,3,3,505,0,20,3,525,100,10,1,525,50,10,2,3,505,0,10,1,525,100,20,3,545,50,15,2,1,545,50,10,2,505,0,10,3,545,100,20,1
220,3,1,525,100,15,3,505,0,15,1,545,50,20,2,3,525,0,20,3,545,50,15,2,505,100,10,1,1,505,100,15,1,545,50,15,2,525,0,20,3,1,525,100,20,1,525,50,10,2,505,0,15,3,2,505,0,20,3,525,100,10,1,525,50,10,2,3,545,50,10,2,505,0,10,3,545,100,20,1,3,545,50,10,2,545,0,20,1,505,100,10,3,1,505,0,10,1,525,100,20,3,545,50,15,2,2,545,50,15,2,505,100,20,3,525,0,15,1
221,2,1,525,100,20,1,525,50,10,2,505,0,15,3,1,505,0,10,1,525,100,20,3,545,50,15,2,2,545,50,10,2,545,0,20,1,505,100,10,3,3,545,50,10,2,505,0,10,3,545,100,20,1,2,505,0,20,3,525,100,10,1,525,50,10,2,2,525,100,15,3,505,0,15,1,545,50,20,2,1,525,0,20,3,545,50,15,2,505,100,10,1,2,545,50,15,2,505,100,20,3,525,0,15,1,1,505,100,15,1,545,50,15,2,525,0,20,3
222,2,1,505,100,15,1,545,50,15,2,525,0,20,3,3,525,0,20,3,545,50,15,2,505,100,10,1,1,525,100,20,1,525,50,10,2,505,0,15,3,2,525,100,15,3,505,0,15,1,545,50,20,2,2,545,50,10,2,505,0,10,3,545,100,20,1,3,545,50,10,2,545,0,20,1,505,100,10,3,1,505,0,10,1,525,100,20,3,545,50,15,2,2,505,0,20,3,525,100,10,1,525,50,10,2,2,545,50,15,2,505,100,20,3,525,0,15,1
223,2,1,505,0,20,3,525,100,10,1,525,50,10,2,2,525,100,15,3,505,0,15,1,545,50,20,2,3,525,0,20,3,545,50,15,2,505,100,10,1,1,505,100,15,1,545,50,15,2,525,0,20,3,1,525,100,20,1,525,50,10,2,505,0,15,3,2,545,50,10,2,505,0,10,3,545,100,20,1,3,545,50,10,2,545,0,20,1,505,100,10,3,2,505,0,10,1,525,100,20,3,545,50,15,2,2,545,50,15,2,505,100,20,3,525,0,15,1
224,3,1,505,0,10,1,525,100,20,3,545,50,15,2,2,545,50,10,2,505,0,10,3,545,100,20,1,1,505,0,20,3,525,100,10,1,525,50,10,2,3,525,100,20,1,525,50,10,2,505,0,15,3,3,545,50,10,2,545,0,20,1,505,100,10,3,3,525,0,20,3,545,50,15,2,505,100,10,1,2,525,100,15,3,505,0,15,1,545,50,20,2,2,545,50,15,2,505,100,20,3,525,0,15,1,1,505,100,15,1,545,50,15,2,525,0,20,3
226,3,3,505,0,10,1,525,100,20,3,545,50,15,2,3,545,50,10,2,545,0,20,1,505,100,10,3,3,545,50,10,2,505,0,10,3,545,100,20,1,1,525,100,20,1,525,50,10,2,505,0,15,3,2,505,0,20,3,525,100,10,1,525,50,10,2,3,525,0,20,3,545,50,15,2,505,100,10,1,2,525,100,15,3,505,0,15,1,545,50,20,2,1,545,50,15,2,505,100,20,3,525,0,15,1,1,505,100,15,1,545,50,15,2,525,0,20,3
227,3,3,505,0,10,1,525,100,20,3,545,50,15,2,2,545,50,10,2,545,0,20,1,505,100,10,3,3,545,50,15,2,505,100,20,3,525,0,15,1,2,525,100,15,3,505,0,15,1,545,50,20,2,2,525,0,20,3,545,50,15,2,505,100,10,1,1,505,100,15,1,545,50,15,2,525,0,20,3,1,525,100,20,1,525,50,10,2,505,0,15,3,1,505,0,20,3,525,100,10,1,525,50,10,2,3,545,50,10,2,505,0,10,3,545,100,20,1
228,3,3,525,100,20,1,525,50,10,2,505,0,15,3,2,545,50,15,2,505,100,20,3,525,0,15,1,2,525,100,15,3,505,0,15,1,545,50,20,2,1,525,0,20,3,545,50,15,2,505,100,10,1,1,505,100,15,1,545,50,15,2,525,0,20,3,1,505,0,20,3,525,100,10,1,525,50,10,2,2,545,50,10,2,505,0,10,3,545,100,20,1,3,545,50,10,2,545,0,20,1,505,100,10,3,2,505,0,10,1,525,100,20,3,545,50,15,2
229,3,2,505,0,10,1,525,100,20,3,545,50,15,2,3,545,50,10,2,545,0,20,1,505,100,10,3,3,545,50,10,2,505,0,10,3,545,100,20,1,1,505,0,20,3,525,100,10,1,525,50,10,2,1,525,100,15,3,505,0,15,1,545,50,20,2,1,505,100,15,1,545,50,15,2,525,0,20,3,3,525,0,20,3,545,50,15,2,505,100,10,1,2,545,50,15,2,505,100,20,3,525,0,15,1,1,525,100,20,1,525,50,10,2,505,0,15,3
230,3,1,505,0,20,3,525,100,10,1,525,50,10,2,2,545,50,10,2,545,0,20,1,505,100,10,3,3,545,50,10,2,505,0,10,3,545,100,20,1,3,525,100,20,1,525,50,10,2,505,0,15,3,2,505,0,10,1,525,100,20,3,545,50,15,2,1,525,0,20,3,545,50,15,2,505,100,10,1,2,525,100,15,3,505,0,15,1,545,50,20,2,2,545,50,15,2,505,100,20,3,525,0,15,1,1,505,100,15,1,545,50,15,2,525,0,20,3
231,3,2,505,0,10,1,525,100,20,3,545,50,15,2,2,545,50,10,2,545,0,20,1,505,100,10,3,3,545,50,10,2,505,0,10,3,545,100,20,1,1,505,0,20,3,525,100,10,1,525,50,10,2,3,505,100,15,1,545,50,15,2,525,0,20,3,1,525,0,20,3,545,50,15,2,505,100,10,1,2,525,100,15,3,505,0,15,1,545,50,20,2,2,545,50,15,2,505,100,20,3,525,0,15,1,1,525,100,20,1,525,50,10,2,505,0,15,3
232,3,2,545,50,15,2,505,100,20,3,525,0,15,1,3,525,100,15,3,505,0,15,1,545,50,20,2,1,525,0,20,3,545,50,15,2,505,100,10,1,3,505,100,15,1,545,50,15,2,525,0,20,3,1,505,0,20,3,525,100,10,1,525,50,10,2,3,545,50,10,2,505,0,10,3,545,100,20,1,2,545,50,10,2,545,0,20,1,505,100,10,3,2,505,0,10,1,525,100,20,3,545,50,15,2,1,525,100,20,1,525,50,10,2,505,0,15,3
233,3,2,545,50,15,2,505,100,20,3,525,0,15,1,2,525,100,15,3,505,0,15,1,545,50,20,2,3,525,0,20,3,545,50,15,2,505,100,10,1,1,505,100,15,1,545,50,15,2,525,0,20,3,3,525,100,20,1,525,50,10,2,505,0,15,3,1,505,0,20,3,525,100,10,1,525,50,10,2,2,545,50,10,2,505,0,10,3,545,100,20,1,3,545,50,10,2,545,0,20,1,505,100,10,3,1,505,0,10,1,525,100,20,3,545,50,15,2
234,3,2,545,50,15,2,505,100,20,3,525,0,15,1,3,525,100,15,3,505,0,15,1,545,50,20,2,1,525,0,20,3,545,50,15,2,505,100,10,1,3,505,100,15,1,545,50,15,2,525,0,20,3,1,525,100,20,1,525,50,10,2,505,0,15,3,1,505,0,20,3,525,100,10,1,525,50,10,2,3,545,50,10,2,505,0,10,3,545,100,20,1,2,545,50,10,2,545,0,20,1,505,100,10,3,2,505,0,10,1,525,100,20,3,545,50,15,2
235,3,3,545,50,10,2,505,0,10,3,545,100,20,1,1,505,0,20,3,525,100,10,1,525,50,10,2,1,525,100,20,1,525,50,10,2,505,0,15,3,3,505,100,15,1,545,50,15,2,525,0,20,3,2,505,0,10,1,525,100,20,3,545,50,15,2,1,525,0,20,3,545,50,15,2,505,100,10,1,3,525,100,15,3,505,0,15,1,545,50,20,2,2,545,50,15,2,505,100,20,3,525,0,15,1,2,545,50,10,2,545,0,20,1,505,100,10,3
236,3,3,525,100,20,1,525,50,10,2,505,0,15,3,2,545,50,15,2,505,100,20,3,525,0,15,1,2,525,100,15,3,505,0,15,1,545,50,20,2,3,525,0,20,3,545,50,15,2,505,100,10,1,1,505,100,15,1,545,50,15,2,525,0,20,3,1,505,0,10,1,525,100,20,3,545,50,15,2,1,505,0,20,3,525,100,10,1,525,50,10,2,2,545,50,10,2,505,0,10,3,545,100,20,1,3,545,50,10,2,545,0,20,1,505,100,10,3
237,3,2,505,0,20,3,525,100,10,1,525,50,10,2,1,525,100,20,1,525,50,10,2,505,0,15,3,1,505,100,15,1,545,50,15,2,525,0,20,3,3,525,0,20,3,545,50,15,2,505,100,10,1,2,525,100,15,3,505,0,15,1,545,50,20,2,1,505,0,10,1,525,100,20,3,545,50,15,2,3,545,50,15,2,505,100,20,3,525,0,15,1,3,545,50,10,2,505,0,10,3,545,100,20,1,2,545,50,10,2,545,0,20,1,505,100,10,3
238,3,1,545,50,15,2,505,100,20,3,525,0,15,1,3,525,100,15,3,505,0,15,1,545,50,20,2,3,525,0,20,3,545,50,15,2,505,100,10,1,1,505,100,15,1,545,50,15,2,525,0,20,3,1,525,100,20,1,525,50,10,2,505,0,15,3,3,545,50,10,2,505,0,10,3,545,100,20,1,2,505,0,20,3,525,100,10,1,525,50,10,2,1,545,50,10,2,545,0,20,1,505,100,10,3,3,505,0,10,1,525,100,20,3,545,50,15,2
239,3,1,525,100,15,3,505,0,15,1,545,50,20,2,3,525,0,20,3,545,50,15,2,505,100,10,1,1,505,100,15,1,545,50,15,2,525,0,20,3,1,525,100,20,1,525,50,10,2,505,0,15,3,3,545,50,10,2,505,0,10,3,545,100,20,1,3,545,50,10,2,545,0,20,1,505,100,10,3,2,505,0,10,1,525,100,20,3,545,50,15,2,2,505,0,20,3,525,100,10,1,525,50,10,2,2,545,50,15,2,505,100,20,3,525,0,15,1
240,1,2,545,50,15,2,505,100,20,3,525,0,15,1,3,545,50,10,2,505,0,10,3,545,100,20,1,1,505,0,20,3,525,100,10,1,525,50,10,2,1,525,100,20,1,525,50,10,2,505,0,15,3,2,545,50,10,2,545,0,20,1,505,100,10,3,1,505,100,15,1,545,50,15,2,525,0,20,3,1,525,0,20,3,545,50,15,2,505,100,10,1,2,505,0,10,1,525,100,20,3,545,50,15,2,1,525,100,15,3,505,0,15,1,545,50,20,2
241,3,2,545,50,15,2,505,100,20,3,525,0,15,1,2,525,100,15,3,505,0,15,1,545,50,20,2,3,525,0,20,3,545,50,15,2,505,100,10,1,1,505,100,15,1,545,50,15,2,525,0,20,3,3,525,100,20,1,525,50,10,2,505,0,15,3,2,505,0,20,3,525,100,10,1,525,50,10,2,2,545,50,10,2,505,0,10,3,545,100,20,1,3,545,50,10,2,545,0,20,1,505,100,10,3,1,505,0,10,1,525,100,20,3,545,50,15,2
242,3,3,505,0,10,1,525,100,20,3,545,50,15,2,3,545,50,10,2,505,0,10,3,545,100,20,1,1,505,0,20,3,525,100,10,1,525,50,10,2,2,545,50,10,2,545,0,20,1,505,100,10,3,2,525,0,20,3,545,50,15,2,505,100,10,1,1,505,100,15,1,545,50,15,2,525,0,20,3,1,525,100,20,1,525,50,10,2,505,0,15,3,2,545,50,15,2,505,100,20,3,525,0,15,1,3,525,100,15,3,505,0,15,1,545,50,20,2
243,3,2,545,50,15,2,505,100,20,3,525,0,15,1,3,545,50,10,2,505,0,10,3,545,100,20,1,2,505,0,20,3,525,100,10,1,525,50,10,2,3,505,0,10,1,525,100,20,3,545,50,15,2,1,505,100,15,1,545,50,15,2,525,0,20,3,3,525,0,20,3,545,50,15,2,505,100,10,1,3,525,100,15,3,505,0,15,1,545,50,20,2,1,525,100,20,1,525,50,10,2,505,0,15,3,1,545,50,10,2,545,0,20,1,505,100,10,3
244,3,2,545,50,15,2,505,100,20,3,525,0,15,1,2,525,100,15,3,505,0,15,1,545,50,20,2,3,525,0,20,3,545,50,15,2,505,100,10,1,1,505,100,15,1,545,50,15,2,525,0,20,3,3,525,100,20,1,525,50,10,2,505,0,15,3,1,505,0,20,3,525,100,10,1,525,50,10,2,2,545,50,10,2,505,0,10,3,545,100,20,1,1,505,0,10,1,525,100,20,3,545,50,15,2,3,545,50,10,2,545,0,20,1,505,100,10,3
245,3,2,525,100,15,3,505,0,15,1,545,50,20,2,2,505,0,10,1,525,100,20,3,545,50,15,2,3,545,50,10,2,545,0,20,1,505,100,10,3,3,545,50,10,2,505,0,10,3,545,100,20,1,3,525,0,20,3,545,50,15,2,505,100,10,1,2,505,0,20,3,525,100,10,1,525,50,10,2,1,525,100,20,1,525,50,10,2,505,0,15,3,1,505,100,15,1,545,50,15,2,525,0,20,3,2,545,50,15,2,505,100,20,3,525,0,15,1
246,2,3,505,0,10,1,525,100,20,3,545,50,15,2,2,525,100,15,3,505,0,15,1,545,50,20,2,3,525,0,20,3,545,50,15,2,505,100,10,1,1,505,100,15,1,545,50,15,2,525,0,20,3,1,525,100,20,1,525,50,10,2,505,0,15,3,3,505,0,20,3,525,100,10,1,525,50,10,2,3,545,50,10,2,505,0,10,3,545,100,20,1,1,545,50,10,2,545,0,20,1,505,100,10,3,3,545,50,15,2,505,100,20,3,525,0,15,1
247,3,2,545,50,15,2,505,100,20,3,525,0,15,1,3,525,100,15,3,505,0,15,1,545,50,20,2,2,505,0,10,1,525,100,20,3,545,50,15,2,2,545,50,10,2,545,0,20,1,505,100,10,3,3,545,50,10,2,505,0,10,3,545,100,20,1,1,505,0,20,3,525,100,10,1,525,50,10,2,1,525,100,20,1,525,50,10,2,505,0,15,3,3,505,100,15,1,545,50,15,2,525,0,20,3,1,525,0,20,3,545,50,15,2,505,100,10,1
248,2,2,525,100,15,3,505,0,15,1,545,50,20,2,2,545,50,15,2,505,100,20,3,525,0,15,1,3,525,0,20,3,545,50,15,2,505,100,10,1,1,505,100,15,1,545,50,15,2,525,0,20,3,3,525,100,20,1,525,50,10,2,505,0,15,3,1,505,0,20,3,525,100,10,1,525,50,10,2,2,545,50,10,2,505,0,10,3,545,100,20,1,1,505,0,10,1,525,100,20,3,545,50,15,2,3,545,50,10,2,545,0,20,1,505,100,10,3
249,2,1,505,100,15,1,545,50,15,2,525,0,20,3,2,525,100,15,3,505,0,15,1,545,50,20,2,3,525,0,20,3,545,50,15,2,505,100,10,1,1,525,100,20,1,525,50,10,2,505,0,15,3,2,505,0,20,3,525,100,10,1,525,50,10,2,1,505,0,10,1,525,100,20,3,545,50,15,2,3,545,50,10,2,545,0,20,1,505,100,10,3,2,545,50,10,2,505,0,10,3,545,100,20,1,2,545,50,15,2,505,100,20,3,525,0,15,1
250,2,1,525,0,20,3,545,50,15,2,505,100,10,1,3,525,100,15,3,505,0,15,1,545,50,20,2,2,545,50,15,2,505,100,20,3,525,0,15,1,1,505,100,15,1,545,50,15,2,525,0,20,3,2,505,0,10,1,525,100,20,3,545,50,15,2,2,545,50,10,2,545,0,20,1,505,100,10,3,3,545,50,10,2,505,0,10,3,545,100,20,1,1,525,100,20,1,525,50,10,2,505,0,15,3,1,505,0,20,3,525,100,10,1,525,50,10,2
251,2,2,525,100,15,3,505,0,15,1,545,50,20,2,1,525,100,20,1,525,50,10,2,505,0,15,3,2,505,0,20,3,525,100,10,1,525,50,10,2,3,545,50,10,2,505,0,10,3,545,100,20,1,3,545,50,10,2,545,0,20,1,505,100,10,3,2,545,50,15,2,505,100,20,3,525,0,15,1,3,525,0,20,3,545,50,15,2,505,100,10,1,1,505,100,15,1,545,50,15,2,525,0,20,3,1,505,0,10,1,525,100,20,3,545,50,15,2
252,2,1,525,100,20,1,525,50,10,2,505,0,15,3,3,505,0,10,1,525,100,20,3,545,50,15,2,1,545,50,10,2,545,0,20,1,505,100,10,3,1,545,50,10,2,505,0,10,3,545,100,20,1,1,505,100,15,1,545,50,15,2,525,0,20,3,2,525,0,20,3,545,50,15,2,505,100,10,1,2,525,100,15,3,505,0,15,1,545,50,20,2,3,545,50,15,2,505,100,20,3,525,0,15,1,3,505,0,20,3,525,100,10,1,525,50,10,2
253,2,2,545,50,15,2,505,100,20,3,525,0,15,1,3,545,50,10,2,505,0,10,3,545,100,20,1,2,505,0,20,3,525,100,10,1,525,50,10,2,1,525,100,20,1,525,50,10,2,505,0,15,3,1,505,100,15,1,545,50,15,2,525,0,20,3,3,525,0,20,3,545,50,15,2,505,100,10,1,1,525,100,15,3,505,0,15,1,545,50,20,2,2,505,0,10,1,525,100,20,3,545,50,15,2,3,545,50,10,2,545,0,20,1,505,100,10,3
254,2,3,525,100,15,3,505,0,15,1,545,50,20,2,2,505,0,10,1,525,100,20,3,545,50,15,2,3,545,50,10,2,545,0,20,1,505,100,10,3,2,505,0,20,3,525,100,10,1,525,50,10,2,1,525,100,20,1,525,50,10,2,505,0,15,3,1,505,100,15,1,545,50,15,2,525,0,20,3,2,545,50,15,2,505,100,20,3,525,0,15,1,3,525,0,20,3,545,50,15,2,505,100,10,1,3,545,50,10,2,505,0,10,3,545,100,20,1
255,2,2,525,100,15,3,505,0,15,1,545,50,20,2,1,505,100,15,1,545,50,15,2,525,0,20,3,1,525,100,20,1,525,50,10,2,505,0,15,3,1,505,0,20,3,525,100,10,1,525,50,10,2,3,545,50,10,2,505,0,10,3,545,100,20,1,3,545,50,10,2,545,0,20,1,505,100,10,3,2,505,0,10,1,525,100,20,3,545,50,15,2,2,545,50,15,2,505,100,20,3,525,0,15,1,1,525,0,20,3,545,50,15,2,505,100,10,1
256,2,3,545,50,15,2,505,100,20,3,525,0,15,1,1,505,100,15,1,545,50,15,2,525,0,20,3,2,525,100,20,1,525,50,10,2,505,0,15,3,1,505,0,20,3,525,100,10,1,525,50,10,2,3,545,50,10,2,505,0,10,3,545,100,20,1,2,545,50,10,2,545,0,20,1,505,100,10,3,2,505,0,10,1,525,100,20,3,545,50,15,2,2,525,0,20,3,545,50,15,2,505,100,10,1,2,525,100,15,3,505,0,15,1,545,50,20,2
257,2,1,525,100,20,1,525,50,10,2,505,0,15,3,2,525,100,15,3,505,0,15,1,545,50,20,2,1,505,0,20,3,525,100,10,1,525,50,10,2,1,525,0,20,3,545,50,15,2,505,100,10,1,3,545,50,10,2,505,0,10,3,545,100,20,1,2,545,50,10,2,545,0,20,1,505,100,10,3,2,545,50,15,2,505,100,20,3,525,0,15,1,2,505,0,10,1,525,100,20,3,545,50,15,2,3,505,100,15,1,545,50,15,2,525,0,20,3
258,2,2,545,50,15,2,505,100,20,3,525,0,15,1,1,505,0,10,1,525,100,20,3,545,50,15,2,1,505,100,15,1,545,50,15,2,525,0,20,3,1,525,100,20,1,525,50,10,2,505,0,15,3,2,505,0,20,3,525,100,10,1,525,50,10,2,2,545,50,10,2,505,0,10,3,545,100,20,1,3,545,50,10,2,545,0,20,1,505,100,10,3,3,525,0,20,3,545,50,15,2,505,100,10,1,2,525,100,15,3,505,0,15,1,545,50,20,2
259,1,2,525,100,15,3,505,0,15,1,545,50,20,2,1,505,0,10,1,525,100,20,3,545,50,15,2,3,525,0,20,3,545,50,15,2,505,100,10,1,1,505,100,15,1,545,50,15,2,525,0,20,3,1,525,100,20,1,525,50,10,2,505,0,15,3,2,505,0,20,3,525,100,10,1,525,50,10,2,1,545,50,10,2,505,0,10,3,545,100,20,1,3,545,50,10,2,545,0,20,1,505,100,10,3,2,545,50,15,2,505,100,20,3,525,0,15,1
260,1,2,505,0,10,1,525,100,20,3,545,50,15,2,1,525,0,20,3,545,50,15,2,505,100,10,1,1,505,100,15,1,545,50,15,2,525,0,20,3,3,525,100,20,1,525,50,10,2,505,0,15,3,1,505,0,20,3,525,100,10,1,525,50,10,2,2,545,50,10,2,505,0,10,3,545,100,20,1,2,545,50,10,2,545,0,20,1,505,100,10,3,2,525,100,15,3,505,0,15,1,545,50,20,2,2,545,50,15,2,505,100,20,3,525,0,15,1
262,2,3,545,50,10,2,545,0,20,1,505,100,10,3,1,525,0,20,3,545,50,15,2,505,100,10,1,2,545,50,10,2,505,0,10,3,545,100,20,1,1,505,0,20,3,525,100,10,1,525,50,10,2,2,545,50,15,2,505,100,20,3,525,0,15,1,2,525,100,15,3,505,0,15,1,545,50,20,2,2,505,0,10,1,525,100,20,3,545,50,15,2,1,505,100,15,1,545,50,15,2,525,0,20,3,1,525,100,20,1,525,50,10,2,505,0,15,3
263,3,2,545,50,10,2,505,0,10,3,545,100,20,1,1,505,0,20,3,525,100,10,1,525,50,10,2,3,525,100,20,1,525,50,10,2,505,0,15,3,1,505,100,15,1,545,50,15,2,525,0,20,3,2,525,0,20,3,545,50,15,2,505,100,10,1,2,525,100,15,3,505,0,15,1,545,50,20,2,3,545,50,15,2,505,100,20,3,525,0,15,1,1,505,0,10,1,525,100,20,3,545,50,15,2,3,545,50,10,2,545,0,20,1,505,100,10,3
264,1,2,505,0,10,1,525,100,20,3,545,50,15,2,3,545,50,10,2,545,0,20,1,505,100,10,3,3,545,50,10,2,505,0,10,3,545,100,20,1,1,505,0,20,3,525,100,10,1,525,50,10,2,3,525,100,20,1,525,50,10,2,505,0,15,3,1,505,100,15,1,545,50,15,2,525,0,20,3,1,525,0,20,3,545,50,15,2,505,100,10,1,2,525,100,15,3,505,0,15,1,545,50,20,2,2,545,50,15,2,505,100,20,3,525,0,15,1
